officialSet,officialCardNumber,name,type,status,risk,ruleId,reason,officialUrl,officialImageUrl,imageStatus,imageAudit,text
"BP01","BP01-057/100","新たなる場所へ","memoria","未対応","high","no_match","現在の実装に対応する明示ロジックを確認できず / 正規イラスト表示UI確認済み","https://xross-stars.com/card/1-057","https://assets.xross-stars.com/card/BP01/BP01-057_f532f692e44b2f46aa36c2721e847be3.png","ready","ready","【アタック強化】次のアタックのダメージ+30。 / 【アタック後】対戦相手の他のリーダーすべてに10ダメージ。"
"BP01","BP01-078/100","偶然の邂逅","memoria","未対応","high","no_match","現在の実装に対応する明示ロジックを確認できず / 正規イラスト表示UI確認済み","https://xross-stars.com/card/1-078","https://assets.xross-stars.com/card/BP01/BP01-078_af18935c42c92be6489e2ba2052757ac.png","ready","ready","【アタック強化】次のアタックのダメージ+30。 / 【アタック後】対戦相手の他のリーダーすべてに10ダメージ。"
"BP02","BP02-052/082","恐怖の迷宮","memoria","未対応","high","no_match","現在の実装に対応する明示ロジックを確認できず / 正規イラスト表示UI確認済み","https://xross-stars.com/card/5-052","https://assets.xross-stars.com/card/BP02/BP02-052_beedee0b1184f2a97dedbe1021ff66d8.png","ready","ready","【アタック強化】次のアタックのダメージ+20。 / 【アタック後】対戦相手の他のリーダーすべてに10ダメージ。"
"BP02","BP02-077/082","オートタレット","tactics","未対応","high","no_match","現在の実装に対応する明示ロジックを確認できず / 正規イラスト表示UI確認済み","https://xross-stars.com/card/5-077","https://assets.xross-stars.com/card/BP02/BP02-077_abe6ad735d78569258caaede6b98c9f0.png","ready","ready","これを装備しているリーダーは以下の能力を持つ。 / 「【アタック後】このアタックの【アタック後】効果でダメージを与えているなら、対戦相手の他のリーダーすべてに10ダメージ。この効果はターンに1回しか発動しない。」"
"BP02","BP02-079/082","ヒーリングオーブ","tactics","未対応","high","no_match","現在の実装に対応する明示ロジックを確認できず / 正規イラスト表示UI確認済み","https://xross-stars.com/card/5-079","https://assets.xross-stars.com/card/BP02/BP02-079_f1e734d3245f2f619264a62455ae9406.png","ready","ready","【プレイ時】自分のリーダー1体を60回復する。 / これを装備しているリーダーは以下の能力を持つ。 / 「【アタック後】自分のリーダー1体を20回復する。この効果はターンに1回しか発動しない。」"
"BP02","BP02-110/082","恐怖の迷宮","memoria","未対応","high","no_match","現在の実装に対応する明示ロジックを確認できず / 正規イラスト表示UI確認済み","https://xross-stars.com/card/5-110","https://assets.xross-stars.com/card/BP02/BP02-110_0c3a20e2462107697d300e7729e8a159.png","ready","ready","【アタック強化】次のアタックのダメージ+20。 / 【アタック後】対戦相手の他のリーダーすべてに10ダメージ。"
"BP01","BP01-017/100","一騎当千","attack","近似対応","medium","ordered_play+variable_count","順序選択を簡略化 / 選択枚数を自動化 / 正規イラスト表示UI確認済み","https://xross-stars.com/card/1-017","https://assets.xross-stars.com/card/BP01/BP01-017_697e68c2b38966be692040f33e57a60d.png","ready","ready","【アタックする】 / 【アタック後】自分の手札のエース以外のメモリアカードを、コストの合計が3以下になるように好きな枚数公開する。公開したカードを、コストを支払わず好きな順番でプレイする。（プレイしたカードは、このカードの右側に置く。それらの効果は、このアタックが終わってから左から順番に実行する。）"
"BP01","BP01-029/100","うるパーンチッ！","attack","近似対応","medium","signal_1","実装済みサブ処理の組み合わせだが全文一致では未検証 / 正規イラスト表示UI確認済み","https://xross-stars.com/card/1-029","https://assets.xross-stars.com/card/BP01/BP01-029_0a1c8dcc5816770d9f25a66af201a64b.png","ready","ready","【アタックする】 / 【アタック後】オーバーキル30：対戦相手の他のリーダー1体に50ダメージ。（このアタックを受けたリーダーに、そのリーダーの残り体力よりも30以上大きいダメージを与えていたなら、対戦相手の他のリーダー1体に50ダメージ。）"
"BP01","BP01-039/100","アジト急襲","attack","近似対応","medium","signal_1+signal_4","実装済みサブ処理の組み合わせだが全文一致では未検証 / 正規イラスト表示UI確認済み","https://xross-stars.com/card/1-039","https://assets.xross-stars.com/card/BP01/BP01-039_c1f9bd8c9453b87d8aa64bfeea288a7a.png","ready","ready","【アタックする】 / 【アタック後】オーバーキル30：PPを1回復する。（このアタックを受けたリーダーに、そのリーダーの残り体力よりも30以上大きいダメージを与えていたなら、PPを1回復する。）"
"BP01","BP01-044/100","リンク・アサルト","attack","近似対応","medium","search_select","探索・選択処理を簡略化 / 正規イラスト表示UI確認済み","https://xross-stars.com/card/1-044","https://assets.xross-stars.com/card/BP01/BP01-044_6d5c0960db664ab37e5a25b8bb609a54.png","ready","ready","【アタックする】 / 【アタック後】自分のデッキの上から3枚を見る。その中からコスト1以下のメモリアカード1枚を、コストを支払わずにプレイしてもよい。残りのカードをトラッシュに置く。（プレイしたカードの効果は、このアタックが終わってから実行する。）"
"BP01","BP01-052/100","スタンプキル","attack","近似対応","medium","signal_1+signal_4","実装済みサブ処理の組み合わせだが全文一致では未検証 / 正規イラスト表示UI確認済み","https://xross-stars.com/card/1-052","https://assets.xross-stars.com/card/BP01/BP01-052_86c362a06431e8fc8d8c0485a93ebeb4.png","ready","ready","【アタックする】 / 【アタック後】オーバーキル30：PPを1回復する。（このアタックを受けたリーダーに、そのリーダーの残り体力よりも30以上大きいダメージを与えていたなら、PPを1回復する。）"
"BP01","BP01-053/100","超新星","memoria","近似対応","medium","signal_5+signal_6","実装済みサブ処理の組み合わせだが全文一致では未検証 / 正規イラスト表示UI確認済み","https://xross-stars.com/card/1-053","https://assets.xross-stars.com/card/BP01/BP01-053_4121151f957813d7cc25af49e65b2653.png","ready","ready","【アタック強化】次のアタックのダメージ+30。 / 【アタック後】このアタックを受けたリーダーがダウンしているなら、PPを2回復し、カードを1枚引く。"
"BP01","BP01-056/100","何も知らない","memoria","近似対応","medium","signal_2","実装済みサブ処理の組み合わせだが全文一致では未検証 / 正規イラスト表示UI確認済み","https://xross-stars.com/card/1-056","https://assets.xross-stars.com/card/BP01/BP01-056_c5ecef0c5d88e07e5eb49a038ba0ea34.png","ready","ready","【アタック強化】プレイエリアにメモリアカードが3枚以上あるなら、次のアタックのダメージ+30。（メモリアカードの数は【アタック強化】を実行するときに数える。）"
"BP01","BP01-068/100","運命のルーレット","memoria","近似対応","medium","declare_choice","宣言処理を自動化 / 正規イラスト表示UI確認済み","https://xross-stars.com/card/1-068","https://assets.xross-stars.com/card/BP01/BP01-068_b29bd8e3fdfa8902a0000561d64041c4.png","ready","ready","【プレイ時】メモリアカードかアタックカードのどちらかを宣言し、自分のデッキの上から1枚を公開する。そのカードが宣言したカードタイプならカードを4枚引く。それ以外なら公開したカードをトラッシュに置く。"
"BP01","BP01-073/100","福男","memoria","近似対応","medium","signal_6","実装済みサブ処理の組み合わせだが全文一致では未検証 / 正規イラスト表示UI確認済み","https://xross-stars.com/card/1-073","https://assets.xross-stars.com/card/BP01/BP01-073_8d6b3ed1683730397554a0c70401af19.png","ready","ready","【プレイ時】自分のリーダーが3体ダウンしているなら、カードを1枚引く。 / 【アタック強化】次のアタックのダメージ+40。"
"BP01","BP01-075/100","開店セレモニー","memoria","近似対応","medium","signal_2","実装済みサブ処理の組み合わせだが全文一致では未検証 / 正規イラスト表示UI確認済み","https://xross-stars.com/card/1-075","https://assets.xross-stars.com/card/BP01/BP01-075_52b049e38b3d83dfc8a89f4d34edce32.png","ready","ready","【アタック強化】次のアタックのダメージ+20。プレイエリアにメモリアカードが3枚以上あるなら、さらにダメージ+50。（メモリアカードの数は【アタック強化】を実行するときに数える。）"
"BP01","BP01-077/100","777","memoria","近似対応","medium","signal_2","実装済みサブ処理の組み合わせだが全文一致では未検証 / 正規イラスト表示UI確認済み","https://xross-stars.com/card/1-077","https://assets.xross-stars.com/card/BP01/BP01-077_b20a2f60a7a4e4a3ee57bf7b3b4a78df.png","ready","ready","【アタック強化】プレイエリアにメモリアカードが3枚以上あるなら、次のアタックのダメージ+30。（メモリアカードの数は【アタック強化】を実行するときに数える。）"
"BP01","BP01-082/100","登頂成功","memoria","近似対応","medium","signal_6","実装済みサブ処理の組み合わせだが全文一致では未検証 / 正規イラスト表示UI確認済み","https://xross-stars.com/card/1-082","https://assets.xross-stars.com/card/BP01/BP01-082_dd783cd265632a2175e45cd40b28495b.png","ready","ready","【プレイ時】自分のリーダーが3体ダウンしているなら、カードを1枚引く。 / 【アタック強化】次のアタックのダメージ+40。"
"BP01","BP01-094/100","復活ポータル","tactics","近似対応","medium","revive_select+play_restriction_only","復帰対象選択を簡略化 / プレイ条件のみ実装・細部要検証 / 正規イラスト表示UI確認済み","https://xross-stars.com/card/1-094","https://assets.xross-stars.com/card/BP01/BP01-094_44cffe6b4bd3c703a485fd598924cf7c.png","ready","ready","このカードは、対戦相手よりダウンしているリーダーが多いなら、プレイできる。 / 【プレイ時】ダウンしている自分のリーダー1体を、ダウンしていない状態に戻す。そのリーダーが装備しているカードすべてを表向きにトラッシュに置く。"
"BP01","BP01-097/100","PPチケット","tactics","近似対応","medium","signal_4","実装済みサブ処理の組み合わせだが全文一致では未検証 / 正規イラスト表示UI確認済み","https://xross-stars.com/card/1-097","https://assets.xross-stars.com/card/BP01/BP01-097_987c52aacb4106ed34b2a4b8676a2a8f.png","ready","ready","このカードをタクティクスデッキに入れることはできない。 / 1ラウンド目のタクティクスカードを選択した後、後攻のプレイヤーはこのカードをタクティクスエリアに置く。 / 【プレイ時】PPを1回復する。"
"BP01","BP01-133/100","一騎当千","attack","近似対応","medium","ordered_play+variable_count","順序選択を簡略化 / 選択枚数を自動化 / 正規イラスト表示UI確認済み","https://xross-stars.com/card/1-133","https://assets.xross-stars.com/card/BP01/BP01-133_ce4065b352b14fbe952519ab8023031a.png","ready","ready","【アタックする】 / 【アタック後】自分の手札のエース以外のメモリアカードを、コストの合計が3以下になるように好きな枚数公開する。公開したカードを、コストを支払わず好きな順番でプレイする。（プレイしたカードは、このカードの右側に置く。それらの効果は、このアタックが終わってから左から順番に実行する。）"
"BP01","BP01-136/100","リンク・アサルト","attack","近似対応","medium","search_select","探索・選択処理を簡略化 / 正規イラスト表示UI確認済み","https://xross-stars.com/card/1-136","https://assets.xross-stars.com/card/BP01/BP01-136_ae99d521158ab162a2f3f5f928c6e29d.png","ready","ready","【アタックする】 / 【アタック後】自分のデッキの上から3枚を見る。その中からコスト1以下のメモリアカード1枚を、コストを支払わずにプレイしてもよい。残りのカードをトラッシュに置く。（プレイしたカードの効果は、このアタックが終わってから実行する。）"
"BP01","BP01-137/100","超新星","memoria","近似対応","medium","signal_5+signal_6","実装済みサブ処理の組み合わせだが全文一致では未検証 / 正規イラスト表示UI確認済み","https://xross-stars.com/card/1-137","https://assets.xross-stars.com/card/BP01/BP01-137_f3780805be81f9d7a028e6a36d90f131.png","ready","ready","【アタック強化】次のアタックのダメージ+30。 / 【アタック後】このアタックを受けたリーダーがダウンしているなら、PPを2回復し、カードを1枚引く。"
"BP02","BP02-017/082","ビクトリーランページ","attack","近似対応","medium","signal_1","実装済みサブ処理の組み合わせだが全文一致では未検証 / 正規イラスト表示UI確認済み","https://xross-stars.com/card/5-017","https://assets.xross-stars.com/card/BP02/BP02-017_1759dede23fc4004e07a25e17e52e6d1.png","ready","ready","【アタックする】 / 【アタック後】オーバーキル40：対戦相手の他のリーダー1体に90ダメージ。（このアタックを受けたリーダーに、そのリーダーの残り体力よりも40以上大きいダメージを与えていたなら、対戦相手の他のリーダー1体に90ダメージ。）"
"BP02","BP02-020/082","猪突猛進","attack","近似対応","medium","signal_1+signal_7","実装済みサブ処理の組み合わせだが全文一致では未検証 / 正規イラスト表示UI確認済み","https://xross-stars.com/card/5-020","https://assets.xross-stars.com/card/BP02/BP02-020_07ed7d5490fa9b409471c75532e54f3a.png","ready","ready","【アタックする】 / 【アタック後】オーバーキル30：カードを2枚引く。（このアタックを受けたリーダーに、そのリーダーの残り体力よりも30以上大きいダメージを与えていたなら、カードを2枚引く。）"
"BP02","BP02-024/082","三銃士","attack","近似対応","medium","replay_select","再プレイ対象選択を簡略化 / 正規イラスト表示UI確認済み","https://xross-stars.com/card/5-024","https://assets.xross-stars.com/card/BP02/BP02-024_72defceec6094b77c74e5340047f6c53.png","ready","ready","【アタックする】 / 【アタック後】プレイエリアのエース以外のコスト0のメモリアカードを最大2枚選び、プレイし直す。（選んだカードを、このカードの右側に置く。プレイしたカードの効果は、このアタックが終わってから左から順番に実行する。）"
"BP02","BP02-025/082","ヘンディーブロー","attack","近似対応","medium","signal_1","実装済みサブ処理の組み合わせだが全文一致では未検証 / 正規イラスト表示UI確認済み","https://xross-stars.com/card/5-025","https://assets.xross-stars.com/card/BP02/BP02-025_08f5fc4b95332a86986d840610570e47.png","ready","ready","【アタックする】 / 【アタック後】オーバーキル20：自分のリーダー1体を30回復する。（このアタックを受けたリーダーに、そのリーダーの残り体力よりも20以上大きいダメージを与えていたなら、自分のリーダー1体を30回復する。）"
"BP02","BP02-035/082","デッドリーキャンプ","attack","近似対応","medium","signal_1+signal_4","実装済みサブ処理の組み合わせだが全文一致では未検証 / 正規イラスト表示UI確認済み","https://xross-stars.com/card/5-035","https://assets.xross-stars.com/card/BP02/BP02-035_210ad073f3106d175982c5aeae6eb47e.png","ready","ready","【アタックする】 / 【アタック後】オーバーキル20：PPを1回復する。（このアタックを受けたリーダーに、そのリーダーの残り体力よりも20以上大きいダメージを与えていたなら、PPを1回復する。）"
"BP02","BP02-039/082","ポイズンボム","attack","近似対応","medium","signal_21","実装済みサブ処理の組み合わせだが全文一致では未検証 / 正規イラスト表示UI確認済み","https://xross-stars.com/card/5-039","https://assets.xross-stars.com/card/BP02/BP02-039_a12da40a7117703ceabc7342da48e235.png","ready","ready","【アタックする】 / 【アタック後】このアタックを受けたリーダーと同じ色を持つ対戦相手の他のリーダーすべてに40ダメージ。"
"BP02","BP02-045/082","巡り合う二人","memoria","近似対応","medium","ordered_play+search_select","順序選択を簡略化 / 探索・選択処理を簡略化 / 正規イラスト表示UI確認済み","https://xross-stars.com/card/5-045","https://assets.xross-stars.com/card/BP02/BP02-045_3b548b3ce86be51236fb09106bc72d4b.png","ready","ready","【プレイ時】自分のデッキの上から5枚を見る。その中からコスト1以下のメモリアカード最大1枚と、コスト1以下のアタックカード最大1枚を、コストを支払わず好きな順番でプレイする。残りのカードをトラッシュに置く。（プレイしたカードの効果は、左から順番に実行する。）"
"BP02","BP02-056/082","美味しいよね","memoria","近似対応","medium","signal_2","実装済みサブ処理の組み合わせだが全文一致では未検証 / 正規イラスト表示UI確認済み","https://xross-stars.com/card/5-056","https://assets.xross-stars.com/card/BP02/BP02-056_73aa8d1c8f60136c29b309c88b4cc2cf.png","ready","ready","【アタック強化】プレイエリアにメモリアカードが3枚以上あるなら、次のアタックのダメージ+30。（メモリアカードの数は【アタック強化】を実行するときに数える。）"
"BP02","BP02-058/082","メンターの教え","memoria","近似対応","medium","signal_2","実装済みサブ処理の組み合わせだが全文一致では未検証 / 正規イラスト表示UI確認済み","https://xross-stars.com/card/5-058","https://assets.xross-stars.com/card/BP02/BP02-058_4b39c7df102fd254fcae98b8bc481d2f.png","ready","ready","【アタック強化】次のアタックのダメージ+50。 / 【アタック後】プレイエリアにメモリアカードが3枚以上あるなら、対戦相手の他のリーダー1体に20ダメージ。"
"BP02","BP02-066/082","流行語大賞","memoria","近似対応","medium","signal_6","実装済みサブ処理の組み合わせだが全文一致では未検証 / 正規イラスト表示UI確認済み","https://xross-stars.com/card/5-066","https://assets.xross-stars.com/card/BP02/BP02-066_d7be974115b22a0cc55199138352aa5f.png","ready","ready","【プレイ時】自分のリーダー1体を40回復する。カードを1枚引く。"
"BP02","BP02-068/082","Just Eat Chicken!","memoria","近似対応","medium","signal_6","実装済みサブ処理の組み合わせだが全文一致では未検証 / 正規イラスト表示UI確認済み","https://xross-stars.com/card/5-068","https://assets.xross-stars.com/card/BP02/BP02-068_5d76dc054bf27ac803e68f614119d5e6.png","ready","ready","【プレイ時】このラウンドが3ラウンド目なら、カードを1枚引く。 / 【アタック強化】次のアタックのダメージ+40。"
"BP02","BP02-069/082","換気","memoria","近似対応","medium","signal_2","実装済みサブ処理の組み合わせだが全文一致では未検証 / 正規イラスト表示UI確認済み","https://xross-stars.com/card/5-069","https://assets.xross-stars.com/card/BP02/BP02-069_e285fb836caf39d86f907a83134f7457.png","ready","ready","【アタック強化】次のアタックのダメージ+20。プレイエリアにメモリアカードが3枚以上あるなら、さらにダメージ+50。（メモリアカードの数は【アタック強化】を実行するときに数える。）"
"BP02","BP02-075/082","復活ポータル","tactics","近似対応","medium","revive_select+play_restriction_only","復帰対象選択を簡略化 / プレイ条件のみ実装・細部要検証 / 正規イラスト表示UI確認済み","https://xross-stars.com/card/5-075","https://assets.xross-stars.com/card/BP02/BP02-075_a996170d5046c25eb7bb0646e9586d56.png","ready","ready","このカードは、対戦相手よりダウンしているリーダーが多いなら、プレイできる。 / 【プレイ時】ダウンしている自分のリーダー1体を、ダウンしていない状態に戻す。そのリーダーが装備しているカードすべてを表向きにトラッシュに置く。"
"BP02","BP02-078/082","盗賊キット","tactics","近似対応","medium","signal_6","実装済みサブ処理の組み合わせだが全文一致では未検証 / 正規イラスト表示UI確認済み","https://xross-stars.com/card/5-078","https://assets.xross-stars.com/card/BP02/BP02-078_83b6dde4b27f9e7f896195a8aa2b5c94.png","ready","ready","これを装備しているリーダーは以下の能力を持つ。 / 「【アタック後】このアタックを受けたリーダーがダウンしているなら、カードを1枚引く。この効果はターンに1回しか発動しない。」"
"BP02","BP02-081/082","PPチケット","tactics","近似対応","medium","signal_4","実装済みサブ処理の組み合わせだが全文一致では未検証 / 正規イラスト表示UI確認済み","https://xross-stars.com/card/5-081","https://assets.xross-stars.com/card/BP02/BP02-081_65bbdbea96852ada3a53721f83adab28.png","ready","ready","このカードをタクティクスデッキに入れることはできない。 / 1ラウンド目のタクティクスカードを選択した後、後攻のプレイヤーはこのカードをタクティクスエリアに置く。 / 【プレイ時】PPを1回復する。"
"BP02","BP02-105/082","ビクトリーランページ","attack","近似対応","medium","signal_1","実装済みサブ処理の組み合わせだが全文一致では未検証 / 正規イラスト表示UI確認済み","https://xross-stars.com/card/5-105","https://assets.xross-stars.com/card/BP02/BP02-105_e081a719c882fa7626bf3c54b6a5196e.png","ready","ready","【アタックする】 / 【アタック後】オーバーキル40：対戦相手の他のリーダー1体に90ダメージ。（このアタックを受けたリーダーに、そのリーダーの残り体力よりも40以上大きいダメージを与えていたなら、対戦相手の他のリーダー1体に90ダメージ。）"
"BP02","BP02-106/082","三銃士","attack","近似対応","medium","replay_select","再プレイ対象選択を簡略化 / 正規イラスト表示UI確認済み","https://xross-stars.com/card/5-106","https://assets.xross-stars.com/card/BP02/BP02-106_49ecbb0d677e22c1abd4919f067d10b9.png","ready","ready","【アタックする】 / 【アタック後】プレイエリアのエース以外のコスト0のメモリアカードを最大2枚選び、プレイし直す。（選んだカードを、このカードの右側に置く。プレイしたカードの効果は、このアタックが終わってから左から順番に実行する。）"
"BP02","BP02-109/082","巡り合う二人","memoria","近似対応","medium","ordered_play+search_select","順序選択を簡略化 / 探索・選択処理を簡略化 / 正規イラスト表示UI確認済み","https://xross-stars.com/card/5-109","https://assets.xross-stars.com/card/BP02/BP02-109_0c2ebdabeaa6e9437ee365e697ebf820.png","ready","ready","【プレイ時】自分のデッキの上から5枚を見る。その中からコスト1以下のメモリアカード最大1枚と、コスト1以下のアタックカード最大1枚を、コストを支払わず好きな順番でプレイする。残りのカードをトラッシュに置く。（プレイしたカードの効果は、左から順番に実行する。）"
"BP02","BP02-112/082","流行語大賞","memoria","近似対応","medium","signal_6","実装済みサブ処理の組み合わせだが全文一致では未検証 / 正規イラスト表示UI確認済み","https://xross-stars.com/card/5-112","https://assets.xross-stars.com/card/BP02/BP02-112_93047742913ef6bc78499431150376a0.png","ready","ready","【プレイ時】自分のリーダー1体を40回復する。カードを1枚引く。"
"BP03","BP03-023/081","影と道連れ","attack","近似対応","medium","signal_1","実装済みサブ処理の組み合わせだが全文一致では未検証 / 正規イラスト表示UI確認済み","https://xross-stars.com/card/6-023","https://assets.xross-stars.com/card/BP03/BP03-023_722185042114355b20e4288dbb2440de.png","ready","ready","【アタックする】 / 【アタック後】オーバーキル10：対戦相手の他のリーダー1体に30ダメージ。（このアタックを受けたリーダーに、そのリーダーの残り体力よりも10以上大きいダメージを与えていたなら、対戦相手の他のリーダー1体に30ダメージ。）"
"BP03","BP03-027/081","仁義なき抗争","attack","近似対応","medium","random_discard","ランダム処理を簡略化 / 正規イラスト表示UI確認済み","https://xross-stars.com/card/6-027","https://assets.xross-stars.com/card/BP03/BP03-027_a62b61b16c85b7b6c1d5d3dd2fd348c8.png","ready","ready","【アタックする】手札を1枚ランダムに捨ててもよい。そうしたならダメージ+30。"
"BP03","BP03-038/081","強奪の宴","attack","近似対応","medium","signal_9","実装済みサブ処理の組み合わせだが全文一致では未検証 / 正規イラスト表示UI確認済み","https://xross-stars.com/card/6-038","https://assets.xross-stars.com/card/BP03/BP03-038_a21083c7c69a83663e5ba62dd0be5db6.png","ready","ready","【アタックする】 / 【アタック後】このアタックを受けたリーダーがダウンしているなら、カードを1枚引き、対戦相手は手札を1枚捨てる。"
"BP03","BP03-039/081","逆転の一矢","attack","近似対応","medium","signal_1","実装済みサブ処理の組み合わせだが全文一致では未検証 / 正規イラスト表示UI確認済み","https://xross-stars.com/card/6-039","https://assets.xross-stars.com/card/BP03/BP03-039_8d2d854bb31a9491cc650f8b71874ea5.png","ready","ready","【アタックする】 / 【アタック後】オーバーキル20：自分のリーダー1体を30回復する。（このアタックを受けたリーダーに、そのリーダーの残り体力よりも20以上大きいダメージを与えていたなら、自分のリーダー1体を30回復する。）"
"BP03","BP03-042/081","ブリーチングフォース","attack","近似対応","medium","signal_1+signal_4","実装済みサブ処理の組み合わせだが全文一致では未検証 / 正規イラスト表示UI確認済み","https://xross-stars.com/card/6-042","https://assets.xross-stars.com/card/BP03/BP03-042_3426fdd6502091bffe8a95f13d2236df.png","ready","ready","【アタックする】 / 【アタック後】オーバーキル20：PPを1回復する。（このアタックを受けたリーダーに、そのリーダーの残り体力よりも20以上大きいダメージを与えていたなら、PPを1回復する。）"
"BP03","BP03-045/081","メカニカルエキスパート","memoria","近似対応","medium","reequip_optional","装備付け替えを簡略化 / 正規イラスト表示UI確認済み","https://xross-stars.com/card/6-045","https://assets.xross-stars.com/card/BP03/BP03-045_ce5aa822dd2a4181f97b7bf502cca534.png","ready","ready","【プレイ時】自分のリーダーが装備しているカード1枚を、別の自分のリーダーに装備し直してもよい。（ダウンしているリーダーが装備しているカードを、装備し直してもよい。装備し直したとき、装備し直したカードは新たなカードとして扱う。） / 【アタック強化】次のアタックのダメージ+30。"
"BP03","BP03-047/081","バックステージパス","memoria","近似対応","medium","signal_20","実装済みサブ処理の組み合わせだが全文一致では未検証 / 正規イラスト表示UI確認済み","https://xross-stars.com/card/6-047","https://assets.xross-stars.com/card/BP03/BP03-047_45b53bfaaca2b240eaa8c04afe92054b.png","ready","ready","【アタック強化】次のアタックのダメージ+40。アタッカーがカードを装備しているなら、さらにダメージ+20。（装備は【アタック強化】を実行するときに確認する。）"
"BP03","BP03-052/081","参拝・乾杯・超喝采","memoria","近似対応","medium","signal_7","実装済みサブ処理の組み合わせだが全文一致では未検証 / 正規イラスト表示UI確認済み","https://xross-stars.com/card/6-052","https://assets.xross-stars.com/card/BP03/BP03-052_65d4f5b9327e959e2e028261fde74d7d.png","ready","ready","【アタック強化】次のアタックのダメージ+80。 / 【アタック後】アタッカーが青なら、対戦相手の他のリーダー1体に50ダメージ。アタッカーが黄なら、カードを2枚引く。"
"BP03","BP03-056/081","シャンパンコール！","memoria","近似対応","medium","signal_6","実装済みサブ処理の組み合わせだが全文一致では未検証 / 正規イラスト表示UI確認済み","https://xross-stars.com/card/6-056","https://assets.xross-stars.com/card/BP03/BP03-056_6728c481ea1b1739fe7054989b033a4d.png","ready","ready","【プレイ時】プレイエリアにアタックカードが1枚以上あるなら、カードを1枚引く。 / 【アタック強化】次のアタックのダメージ+40。"
"BP03","BP03-059/081","We are...!","memoria","近似対応","medium","signal_2+signal_7","実装済みサブ処理の組み合わせだが全文一致では未検証 / 正規イラスト表示UI確認済み","https://xross-stars.com/card/6-059","https://assets.xross-stars.com/card/BP03/BP03-059_0339d3c7b03337d84229f617b2d5a710.png","ready","ready","【プレイ時】プレイエリアにアタックカードが2枚以上あるなら、自分のリーダー1体を30回復し、カードを2枚引く。 / 【アタック強化】プレイエリアにメモリアカードが3枚以上あるなら、次のアタックのダメージ+70。（メモリアカードの数は【アタック強化】を実行するときに数える。）"
"BP03","BP03-064/081","引率のお兄さん","memoria","近似対応","medium","signal_6","実装済みサブ処理の組み合わせだが全文一致では未検証 / 正規イラスト表示UI確認済み","https://xross-stars.com/card/6-064","https://assets.xross-stars.com/card/BP03/BP03-064_ce8c17f494d4e7f4c9ac2feac1e69ee6.png","ready","ready","【プレイ時】プレイエリアにアタックカードが1枚以上あるなら、カードを1枚引く。 / 【アタック強化】次のアタックのダメージ+40。"
"BP03","BP03-065/081","ノブレス・オブリージュ","memoria","近似対応","medium","signal_2","実装済みサブ処理の組み合わせだが全文一致では未検証 / 正規イラスト表示UI確認済み","https://xross-stars.com/card/6-065","https://assets.xross-stars.com/card/BP03/BP03-065_e93ab0fdfd19578b89aadfc4c2e5e489.png","ready","ready","【アタック強化】次のアタックのダメージ+50。 / 【アタック後】プレイエリアにメモリアカードが3枚以上あるなら、対戦相手の他のリーダー1体に20ダメージ。"
"BP03","BP03-066/081","ジェイルブレイク","memoria","近似対応","medium","distribution_cap+damage_cap_100","ダメージ割り振りを簡略化 / 上限付き割り振りを近似 / 正規イラスト表示UI確認済み","https://xross-stars.com/card/6-066","https://assets.xross-stars.com/card/BP03/BP03-066_ce12f9814bb092fbcbef65c61b945997.png","ready","ready","【プレイ時】このターン、メモリアカードとアタックカードの効果で引いたカード1枚につき20ダメージを、対戦相手のリーダーに好きなように割り振って与える。このカードは、100ダメージまでしか割り振れない。"
"BP03","BP03-067/081","気まずい空間","memoria","近似対応","medium","signal_11","実装済みサブ処理の組み合わせだが全文一致では未検証 / 正規イラスト表示UI確認済み","https://xross-stars.com/card/6-067","https://assets.xross-stars.com/card/BP03/BP03-067_6e18485f2bbd0302dbd6a3b56894256f.png","ready","ready","【プレイ時】自分のデッキの上から3枚を見る。それらのカードをトラッシュに置く。"
"BP03","BP03-071/081","街角の芸術家","memoria","近似対応","medium","signal_2","実装済みサブ処理の組み合わせだが全文一致では未検証 / 正規イラスト表示UI確認済み","https://xross-stars.com/card/6-071","https://assets.xross-stars.com/card/BP03/BP03-071_ea2e34089300f8d048589a8cb6c8dc74.png","ready","ready","【アタック強化】プレイエリアにメモリアカードが3枚以上あるなら、次のアタックのダメージ+30。（メモリアカードの数は【アタック強化】を実行するときに数える。）"
"BP03","BP03-072/081","ストレイ・プリンセス","memoria","近似対応","medium","signal_2","実装済みサブ処理の組み合わせだが全文一致では未検証 / 正規イラスト表示UI確認済み","https://xross-stars.com/card/6-072","https://assets.xross-stars.com/card/BP03/BP03-072_60e66db5ee3db75d35e17a418c0cc4fb.png","ready","ready","【アタック強化】次のアタックのダメージ+20。プレイエリアにメモリアカードが3枚以上あるなら、さらにダメージ+50。（メモリアカードの数は【アタック強化】を実行するときに数える。）"
"BP03","BP03-076/081","追加マガジン","tactics","近似対応","medium","return_to_tactics","戻り先処理を簡略化 / 正規イラスト表示UI確認済み","https://xross-stars.com/card/6-076","https://assets.xross-stars.com/card/BP03/BP03-076_4f3afb09e9f6fc3695af0d31586a1c8a.png","ready","ready","このカードがプレイエリアからトラッシュに置かれるとき、代わりにタクティクスエリアに戻す。 / 【プレイ時】手札を1枚捨てる。 / 【アタック強化】次のアタックのダメージ+30。"
"BP03","BP03-078/081","ファイヤークラッカー","tactics","近似対応","medium","signal_6","実装済みサブ処理の組み合わせだが全文一致では未検証 / 正規イラスト表示UI確認済み","https://xross-stars.com/card/6-078","https://assets.xross-stars.com/card/BP03/BP03-078_02a39907d1aa6d93240ac4642a2d02ce.png","ready","ready","【プレイ時】対戦相手のリーダーすべてに10ダメージ。カードを1枚引く。"
"BP03","BP03-079/081","ターゲットフラッグ","tactics","近似対応","medium","taunt_unintegrated","挑発系を完全対戦AIに未統合 / 正規イラスト表示UI確認済み","https://xross-stars.com/card/6-079","https://assets.xross-stars.com/card/BP03/BP03-079_041758f1a1ffd8f792e8e39109c3df80.png","ready","ready","対戦相手がこのリーダーにアタックできるなら、対戦相手はこのリーダーにしかアタックできない。"
"BP03","BP03-080/081","サイバネアーマー","tactics","近似対応","medium","hp_base_change","装備時HP基準変更が部分対応 / 正規イラスト表示UI確認済み","https://xross-stars.com/card/6-080","https://assets.xross-stars.com/card/BP03/BP03-080_b4b74a0bbf311ec69a79f016bdef757e.png","ready","ready","これを装備しているリーダーが覚醒していないなら、基本の体力は140になる。これを装備しているリーダーが覚醒しているなら、基本の体力は170になる。"
"BP03","BP03-109/081","強奪の宴","attack","近似対応","medium","signal_9","実装済みサブ処理の組み合わせだが全文一致では未検証 / 正規イラスト表示UI確認済み","https://xross-stars.com/card/6-109","https://assets.xross-stars.com/card/BP03/BP03-109_e3e2da4726d303fb8768097d8bbac446.png","ready","ready","【アタックする】 / 【アタック後】このアタックを受けたリーダーがダウンしているなら、カードを1枚引き、対戦相手は手札を1枚捨てる。"
"BP03","BP03-110/081","メカニカルエキスパート","memoria","近似対応","medium","reequip_optional","装備付け替えを簡略化 / 正規イラスト表示UI確認済み","https://xross-stars.com/card/6-110","https://assets.xross-stars.com/card/BP03/BP03-110_e40ecd073479157eeabd3d0848e87bbe.png","ready","ready","【プレイ時】自分のリーダーが装備しているカード1枚を、別の自分のリーダーに装備し直してもよい。（ダウンしているリーダーが装備しているカードを、装備し直してもよい。装備し直したとき、装備し直したカードは新たなカードとして扱う。） / 【アタック強化】次のアタックのダメージ+30。"
"BP03","BP03-111/081","参拝・乾杯・超喝采","memoria","近似対応","medium","signal_7","実装済みサブ処理の組み合わせだが全文一致では未検証 / 正規イラスト表示UI確認済み","https://xross-stars.com/card/6-111","https://assets.xross-stars.com/card/BP03/BP03-111_cbfdb4ce4de6347f521b09632c3fd710.png","ready","ready","【アタック強化】次のアタックのダメージ+80。 / 【アタック後】アタッカーが青なら、対戦相手の他のリーダー1体に50ダメージ。アタッカーが黄なら、カードを2枚引く。"
"BP03","BP03-112/081","We are...!","memoria","近似対応","medium","signal_2+signal_7","実装済みサブ処理の組み合わせだが全文一致では未検証 / 正規イラスト表示UI確認済み","https://xross-stars.com/card/6-112","https://assets.xross-stars.com/card/BP03/BP03-112_847005f9f45f6404f1a962c75b479b12.png","ready","ready","【プレイ時】プレイエリアにアタックカードが2枚以上あるなら、自分のリーダー1体を30回復し、カードを2枚引く。 / 【アタック強化】プレイエリアにメモリアカードが3枚以上あるなら、次のアタックのダメージ+70。（メモリアカードの数は【アタック強化】を実行するときに数える。）"
"BP03","BP03-113/081","ジェイルブレイク","memoria","近似対応","medium","distribution_cap+damage_cap_100","ダメージ割り振りを簡略化 / 上限付き割り振りを近似 / 正規イラスト表示UI確認済み","https://xross-stars.com/card/6-113","https://assets.xross-stars.com/card/BP03/BP03-113_cda322382877a5b44c570cc1fa31df38.png","ready","ready","【プレイ時】このターン、メモリアカードとアタックカードの効果で引いたカード1枚につき20ダメージを、対戦相手のリーダーに好きなように割り振って与える。このカードは、100ダメージまでしか割り振れない。"
"BP01","BP01-001/100","うるか","leader","完全対応","low","leader_exact","覚醒時全体10ダメージを実装済み / 正規イラスト表示UI確認済み","https://xross-stars.com/card/1-001","https://assets.xross-stars.com/card/BP01/BP01-001_478c47854b62f9827b028691735e7869.png","ready","ready","【覚醒時】対戦相手のリーダーすべてに10ダメージ。"
"BP01","BP01-002/100","小森めと","leader","完全対応","low","leader_exact","覚醒時単体20ダメージを実装済み / 正規イラスト表示UI確認済み","https://xross-stars.com/card/1-002","https://assets.xross-stars.com/card/BP01/BP01-002_25432bbc9e8d55f48397463378bff0bb.png","ready","ready","【覚醒時】対戦相手のリーダー1体に20ダメージ。"
"BP01","BP01-003/100","橘ひなの","leader","完全対応","low","leader_exact","覚醒時2ドロー2ディスカードを実装済み / 正規イラスト表示UI確認済み","https://xross-stars.com/card/1-003","https://assets.xross-stars.com/card/BP01/BP01-003_fb0d38a06b6d6734cd8329e3962ad1f2.png","ready","ready","【覚醒時】カードを2枚引き、手札を2枚捨てる。"
"BP01","BP01-004/100","ふらんしすこ","leader","完全対応","low","leader_exact","覚醒時1ドローを実装済み / 正規イラスト表示UI確認済み","https://xross-stars.com/card/1-004","https://assets.xross-stars.com/card/BP01/BP01-004_1ed3835ae3904ffb8205d2fe2d98b300.png","ready","ready","【覚醒時】カードを1枚引く。"
"BP01","BP01-005/100","Kamito","leader","完全対応","low","leader_exact","覚醒時1ドローを実装済み / 正規イラスト表示UI確認済み","https://xross-stars.com/card/1-005","https://assets.xross-stars.com/card/BP01/BP01-005_a43dc492f4e4f275e5a33292a294cd6c.png","ready","ready","【覚醒時】カードを1枚引く。"
"BP01","BP01-006/100","渋谷ハル","leader","完全対応","low","leader_exact","覚醒時全体10ダメージを実装済み / 正規イラスト表示UI確認済み","https://xross-stars.com/card/1-006","https://assets.xross-stars.com/card/BP01/BP01-006_db5ba7bc4b4d662e4c8e4b916292935c.png","ready","ready","【覚醒時】対戦相手のリーダーすべてに10ダメージ。"
"BP01","BP01-007/100","白雪レイド","leader","完全対応","low","leader_exact","覚醒時2ドロー2ディスカードを実装済み / 正規イラスト表示UI確認済み","https://xross-stars.com/card/1-007","https://assets.xross-stars.com/card/BP01/BP01-007_0c56131941673a88cf0abdc03d107299.png","ready","ready","【覚醒時】カードを2枚引き、手札を2枚捨てる。"
"BP01","BP01-008/100","英リサ","leader","完全対応","low","leader_exact","覚醒時20回復を実装済み / 正規イラスト表示UI確認済み","https://xross-stars.com/card/1-008","https://assets.xross-stars.com/card/BP01/BP01-008_67a33c4114bf43e3050c940efda31ae0.png","ready","ready","【覚醒時】自分のリーダー1体を20回復する。"
"BP01","BP01-009/100","胡桃のあ","leader","完全対応","low","leader_exact","覚醒時20回復を実装済み / 正規イラスト表示UI確認済み","https://xross-stars.com/card/1-009","https://assets.xross-stars.com/card/BP01/BP01-009_4f305bd36b1d59d893f64179ec61a668.png","ready","ready","【覚醒時】自分のリーダー1体を20回復する。"
"BP01","BP01-010/100","ごっちゃん@マイキー","leader","完全対応","low","leader_exact","覚醒時2ドロー2ディスカードを実装済み / 正規イラスト表示UI確認済み","https://xross-stars.com/card/1-010","https://assets.xross-stars.com/card/BP01/BP01-010_79a739681d3dda7a40bfb88aa61fe1bb.png","ready","ready","【覚醒時】カードを2枚引き、手札を2枚捨てる。"
"BP01","BP01-011/100","兎咲ミミ","leader","完全対応","low","leader_exact","覚醒時単体10ダメージを実装済み / 正規イラスト表示UI確認済み","https://xross-stars.com/card/1-011","https://assets.xross-stars.com/card/BP01/BP01-011_a32eb7f728452860c892b51f119166f9.png","ready","ready","【覚醒時】対戦相手のリーダー1体に10ダメージ。"
"BP01","BP01-012/100","VanilLa","leader","完全対応","low","leader_exact","覚醒時1ドローを実装済み / 正規イラスト表示UI確認済み","https://xross-stars.com/card/1-012","https://assets.xross-stars.com/card/BP01/BP01-012_026d18df1d1e739fbdb4158bb7bbf0be.png","ready","ready","【覚醒時】カードを1枚引く。"
"BP01","BP01-013/100","空澄セナ","leader","完全対応","low","leader_exact","覚醒時2ドロー2ディスカードを実装済み / 正規イラスト表示UI確認済み","https://xross-stars.com/card/1-013","https://assets.xross-stars.com/card/BP01/BP01-013_578285f772cb11bf6d4b623b9146f5cb.png","ready","ready","【覚醒時】カードを2枚引き、手札を2枚捨てる。"
"BP01","BP01-014/100","ありさか","leader","完全対応","low","leader_exact","覚醒時1ドローを実装済み / 正規イラスト表示UI確認済み","https://xross-stars.com/card/1-014","https://assets.xross-stars.com/card/BP01/BP01-014_5ad19ee8bd33a0c7caf1ef018db62cee.png","ready","ready","【覚醒時】カードを1枚引く。"
"BP01","BP01-015/100","だるまいずごっど","leader","完全対応","low","leader_exact","覚醒時単体20ダメージを実装済み / 正規イラスト表示UI確認済み","https://xross-stars.com/card/1-015","https://assets.xross-stars.com/card/BP01/BP01-015_61feb30d85218e8bf776ea8840acdc61.png","ready","ready","【覚醒時】対戦相手のリーダー1体に20ダメージ。"
"BP01","BP01-016/100","nqrse","leader","完全対応","low","leader_exact","覚醒時単体10ダメージを実装済み / 正規イラスト表示UI確認済み","https://xross-stars.com/card/1-016","https://assets.xross-stars.com/card/BP01/BP01-016_9171c85d37be3ff4beffa4dc27fa9e78.png","ready","ready","【覚醒時】対戦相手のリーダー1体に10ダメージ。"
"BP01","BP01-018/100","エレガントドミネート","attack","完全対応","low","attack_other_leader_20","アタック後の他リーダー単体20ダメージ選択を実装済み / 正規イラスト表示UI確認済み","https://xross-stars.com/card/1-018","https://assets.xross-stars.com/card/BP01/BP01-018_9269d352ad5fdadd513ae9a915eb33a7.png","ready","ready","【アタックする】 / 【アタック後】対戦相手の他のリーダー1体に20ダメージ。"
"BP01","BP01-019/100","インパクトショット","attack","完全対応","low","attack_flat_damage","アタック時の固定ダメージ補正を実装済み / 正規イラスト表示UI確認済み","https://xross-stars.com/card/1-019","https://assets.xross-stars.com/card/BP01/BP01-019_48cc876e2e1543c43cf2f9bfa8b98a4c.png","ready","ready","【アタックする】ダメージ+40。"
"BP01","BP01-020/100","大黒柱","attack","完全対応","low","manual_card_override","個別実装済みカードとして監査レポートへ反映 / 正規イラスト表示UI確認済み","https://xross-stars.com/card/1-020","https://assets.xross-stars.com/card/BP01/BP01-020_92f908ae25765e9bc84aa96e3997bcc3.png","ready","ready","【アタックする】手札を1枚捨ててもよい。そうしたならダメージ+20。"
"BP01","BP01-021/100","ギャングの襲撃","attack","完全対応","low","attack_target_down_draw_1","対象ダウン条件つき1ドローを実装済み / 正規イラスト表示UI確認済み","https://xross-stars.com/card/1-021","https://assets.xross-stars.com/card/BP01/BP01-021_a2d0fec39f8caee587e32d23de3998cd.png","ready","ready","【アタックする】 / 【アタック後】このアタックを受けたリーダーがダウンしているなら、カードを1枚引く。"
"BP01","BP01-022/100","壁ジャンプ","attack","完全対応","low","manual_card_override","個別実装済みカードとして監査レポートへ反映 / 正規イラスト表示UI確認済み","https://xross-stars.com/card/1-022","https://assets.xross-stars.com/card/BP01/BP01-022_2a544327ca533eace25695c59d3e00e0.png","ready","ready","プレイエリアに別の「壁ジャンプ」が1枚あるなら、コストを支払わずにこのカードをプレイしてもよい。（2枚以上あるときはコストを支払う。） / 【アタックする】"
"BP01","BP01-023/100","だまし討ち","attack","完全対応","low","attack_flat_damage","アタック時の固定ダメージ補正を実装済み / 正規イラスト表示UI確認済み","https://xross-stars.com/card/1-023","https://assets.xross-stars.com/card/BP01/BP01-023_1008964a3b56e63c5f76cc26dbe5e0ef.png","ready","ready","【アタックする】ダメージ+10。"
"BP01","BP01-024/100","ハイグラバースト","attack","完全対応","low","attack_marker+attack_post_conditional","アタック宣言マーカーを実装済み / プレイエリアにメモリアカードが2枚以上あるなら、 に対応したアタック後処理を実装済み / 正規イラスト表示UI確認済み","https://xross-stars.com/card/1-024","https://assets.xross-stars.com/card/BP01/BP01-024_c093e581d567d1b51061ad08b43d4a60.png","ready","ready","【アタックする】 / 【アタック後】プレイエリアにメモリアカードが2枚以上あるなら、対戦相手の他のリーダーすべてに10ダメージ。"
"BP01","BP01-025/100","キリングスプリー","attack","完全対応","low","manual_card_override","個別実装済みカードとして監査レポートへ反映 / 正規イラスト表示UI確認済み","https://xross-stars.com/card/1-025","https://assets.xross-stars.com/card/BP01/BP01-025_50902ec7895f41920ad0f0756be8be64.png","ready","ready","【アタックする】 / 【アタック後】このアタックを受けたリーダーがダウンしているなら、対戦相手の他のリーダー1体に20ダメージ。"
"BP01","BP01-026/100","CLUTCH!!!","attack","完全対応","low","manual_card_override","個別実装済みカードとして監査レポートへ反映 / 正規イラスト表示UI確認済み","https://xross-stars.com/card/1-026","https://assets.xross-stars.com/card/BP01/BP01-026_db5aa5fd1110be44a22dbd9d6a92bbb4.png","ready","ready","【アタックする】自分の手札のコスト0のカード1枚を公開し、捨ててもよい。そうしたならカードを1枚引き、ダメージ+40。"
"BP01","BP01-027/100","フラッシュバン","attack","完全対応","low","attack_other_leader_20","アタック後の他リーダー単体20ダメージ選択を実装済み / 正規イラスト表示UI確認済み","https://xross-stars.com/card/1-027","https://assets.xross-stars.com/card/BP01/BP01-027_c67e16aeeb45a911c68817a1c67d54ce.png","ready","ready","【アタックする】 / 【アタック後】対戦相手の他のリーダー1体に20ダメージ。"
"BP01","BP01-028/100","リスキーエントリー","attack","完全対応","low","attack_draw_1_discard_1","アタック後1ドロー1ディスカードを実装済み / 正規イラスト表示UI確認済み","https://xross-stars.com/card/1-028","https://assets.xross-stars.com/card/BP01/BP01-028_5cfa1d891fbbbda44fdd4afdda393678.png","ready","ready","【アタックする】 / 【アタック後】カードを1枚引き、手札を1枚捨てる。"
"BP01","BP01-030/100","神速フリック","attack","完全対応","low","attack_reveal_top_bonus","相手デッキ公開による条件ダメージを実装済み / 正規イラスト表示UI確認済み","https://xross-stars.com/card/1-030","https://assets.xross-stars.com/card/BP01/BP01-030_5e18042d07647dd4f9460290fb49574d.png","ready","ready","【アタックする】対戦相手のデッキの上から1枚を公開し、トラッシュに置く。そのカードがアタックカードなら、ダメージ+20。"
"BP01","BP01-031/100","勝利の一撃","attack","完全対応","low","attack_target_down_draw_1","対象ダウン条件つき1ドローを実装済み / 正規イラスト表示UI確認済み","https://xross-stars.com/card/1-031","https://assets.xross-stars.com/card/BP01/BP01-031_3658bbcc51eb985f290024c99765472a.png","ready","ready","【アタックする】 / 【アタック後】このアタックを受けたリーダーがダウンしているなら、カードを1枚引く。"
"BP01","BP01-032/100","ドリル開錠","attack","完全対応","low","manual_card_override","個別実装済みカードとして監査レポートへ反映 / 正規イラスト表示UI確認済み","https://xross-stars.com/card/1-032","https://assets.xross-stars.com/card/BP01/BP01-032_f334428ccd783d92d1b2c075e88c8515.png","ready","ready","【アタックする】 / 【アタック後】すべてのプレイヤーは手札を1枚捨てる。"
"BP01","BP01-033/100","ブリッツブラスト","attack","完全対応","low","attack_marker+attack_post_conditional","アタック宣言マーカーを実装済み / このアタックを受けたリーダーがダウンしているなら、 に対応したアタック後処理を実装済み / 正規イラスト表示UI確認済み","https://xross-stars.com/card/1-033","https://assets.xross-stars.com/card/BP01/BP01-033_3ea8795dbc02a422a751ae056ffe9201.png","ready","ready","【アタックする】 / 【アタック後】このアタックを受けたリーダーがダウンしているなら、対戦相手は手札を1枚捨てる。"
"BP01","BP01-034/100","巧みな裏取り","attack","完全対応","low","attack_flat_damage","アタック時の固定ダメージ補正を実装済み / 正規イラスト表示UI確認済み","https://xross-stars.com/card/1-034","https://assets.xross-stars.com/card/BP01/BP01-034_6a9c866d4f517443f8540e42e7c6cd8d.png","ready","ready","【アタックする】ダメージ+10。"
"BP01","BP01-035/100","ロケットランチャー","attack","完全対応","low","manual_card_override","個別実装済みカードとして監査レポートへ反映 / 正規イラスト表示UI確認済み","https://xross-stars.com/card/1-035","https://assets.xross-stars.com/card/BP01/BP01-035_5b7887058ee17ddfeb19fc31dbd571af.png","ready","ready","【アタックする】ダメージ+40。 / 【アタック後】対戦相手の他のリーダー1体に30ダメージ。"
"BP01","BP01-036/100","カウンタースナイプ","attack","完全対応","low","manual_card_override","個別実装済みカードとして監査レポートへ反映 / 正規イラスト表示UI確認済み","https://xross-stars.com/card/1-036","https://assets.xross-stars.com/card/BP01/BP01-036_afdd1c124754a5349c2d85ae8a177c88.png","ready","ready","【アタックする】 / 【アタック後】自分の手札が2枚以下なら、対戦相手の他のリーダー1体に20ダメージ。"
"BP01","BP01-037/100","ヴェノムスモーク","attack","完全対応","low","attack_all_other_10","アタック後の他リーダー全体10ダメージを実装済み / 正規イラスト表示UI確認済み","https://xross-stars.com/card/1-037","https://assets.xross-stars.com/card/BP01/BP01-037_4247c8dda46c02dad5e852f157e3939c.png","ready","ready","【アタックする】 / 【アタック後】対戦相手の他のリーダーすべてに10ダメージ。"
"BP01","BP01-038/100","クラッチクイーン","attack","完全対応","low","attack_flat_damage","アタック時の固定ダメージ補正を実装済み / 正規イラスト表示UI確認済み","https://xross-stars.com/card/1-038","https://assets.xross-stars.com/card/BP01/BP01-038_be5188dd75733536835066f28f1505c8.png","ready","ready","【アタックする】ダメージ+10。"
"BP01","BP01-040/100","Lastman Standing","attack","完全対応","low","manual_card_override","個別実装済みカードとして監査レポートへ反映 / 正規イラスト表示UI確認済み","https://xross-stars.com/card/1-040","https://assets.xross-stars.com/card/BP01/BP01-040_69e865a81427c06a77da7c367089a0ff.png","ready","ready","【アタックする】手札を1枚捨ててもよい。そうしたならダメージ+20。"
"BP01","BP01-041/100","固定砲台みみたや","attack","完全対応","low","manual_card_override","個別実装済みカードとして監査レポートへ反映 / 正規イラスト表示UI確認済み","https://xross-stars.com/card/1-041","https://assets.xross-stars.com/card/BP01/BP01-041_a85d77dc5abf51ecca2b07c2f444fc48.png","ready","ready","【アタックする】 / 【アタック後】このアタックを受けたリーダーがダウンしているなら、対戦相手の他のリーダー1体に20ダメージ。"
"BP01","BP01-042/100","ウォールブレイカー","attack","完全対応","low","attack_marker+attack_post_conditional","アタック宣言マーカーを実装済み / プレイエリアにメモリアカードが2枚以上あるなら、 に対応したアタック後処理を実装済み / 正規イラスト表示UI確認済み","https://xross-stars.com/card/1-042","https://assets.xross-stars.com/card/BP01/BP01-042_dce56a7aeaad0a27c9be215861aaf184.png","ready","ready","【アタックする】 / 【アタック後】プレイエリアにメモリアカードが2枚以上あるなら、対戦相手の他のリーダー1体に20ダメージ。"
"BP01","BP01-043/100","ブービートラップ","attack","完全対応","low","attack_target_down_draw_1","対象ダウン条件つき1ドローを実装済み / 正規イラスト表示UI確認済み","https://xross-stars.com/card/1-043","https://assets.xross-stars.com/card/BP01/BP01-043_90db557ee49f038be742a1c7e747a253.png","ready","ready","【アタックする】 / 【アタック後】このアタックを受けたリーダーがダウンしているなら、カードを1枚引く。"
"BP01","BP01-045/100","クレイジーバースト","attack","完全対応","low","attack_all_other_10","アタック後の他リーダー全体10ダメージを実装済み / 正規イラスト表示UI確認済み","https://xross-stars.com/card/1-045","https://assets.xross-stars.com/card/BP01/BP01-045_da93acd9b8e2ca41311784b36695aa47.png","ready","ready","【アタックする】 / 【アタック後】対戦相手の他のリーダーすべてに10ダメージ。"
"BP01","BP01-046/100","クリティカルショット","attack","完全対応","low","attack_flat_damage","アタック時の固定ダメージ補正を実装済み / 正規イラスト表示UI確認済み","https://xross-stars.com/card/1-046","https://assets.xross-stars.com/card/BP01/BP01-046_ca76e01fa6c65c39a89acdfd48e82388.png","ready","ready","【アタックする】ダメージ+70。"
"BP01","BP01-047/100","いたずらドローン","attack","完全対応","low","attack_marker+attack_post_conditional","アタック宣言マーカーを実装済み / プレイエリアにメモリアカードが2枚以上あるなら、 に対応したアタック後処理を実装済み / 正規イラスト表示UI確認済み","https://xross-stars.com/card/1-047","https://assets.xross-stars.com/card/BP01/BP01-047_3d4fbda742170e90070092754256fa32.png","ready","ready","【アタックする】 / 【アタック後】プレイエリアにメモリアカードが2枚以上あるなら、対戦相手の他のリーダー1体に20ダメージ。"
"BP01","BP01-048/100","スリフティプレイ","attack","完全対応","low","attack_flat_damage","アタック時の固定ダメージ補正を実装済み / 正規イラスト表示UI確認済み","https://xross-stars.com/card/1-048","https://assets.xross-stars.com/card/BP01/BP01-048_c779456c8f48bed6cbb80bb571f9cb82.png","ready","ready","【アタックする】ダメージ-20。"
"BP01","BP01-049/100","冷静沈着","attack","完全対応","low","attack_flat_damage","アタック時の固定ダメージ補正を実装済み / 正規イラスト表示UI確認済み","https://xross-stars.com/card/1-049","https://assets.xross-stars.com/card/BP01/BP01-049_b6e8ab68fbe5d4869b862c8789ff89cf.png","ready","ready","【アタックする】ダメージ+10。"
"BP01","BP01-050/100","ブラインドショット","attack","完全対応","low","attack_marker+attack_post_conditional","アタック宣言マーカーを実装済み / プレイエリアにメモリアカードが2枚以上あるなら、 に対応したアタック後処理を実装済み / 正規イラスト表示UI確認済み","https://xross-stars.com/card/1-050","https://assets.xross-stars.com/card/BP01/BP01-050_14af73d9547275f06a9a281944330821.png","ready","ready","【アタックする】 / 【アタック後】プレイエリアにメモリアカードが2枚以上あるなら、対戦相手の他のリーダーすべてに10ダメージ。"
"BP01","BP01-051/100","コンビネーションアタック","attack","完全対応","low","attack_target_down_draw_1","対象ダウン条件つき1ドローを実装済み / 正規イラスト表示UI確認済み","https://xross-stars.com/card/1-051","https://assets.xross-stars.com/card/BP01/BP01-051_c7e55afed9c1c20e7d767b5ca93fadf3.png","ready","ready","【アタックする】 / 【アタック後】このアタックを受けたリーダーがダウンしているなら、カードを1枚引く。"
"BP01","BP01-054/100","胴だよ胴！","memoria","完全対応","low","attack_buff_flat","次アタック強化の汎用加算ロジックで対応 / 正規イラスト表示UI確認済み","https://xross-stars.com/card/1-054","https://assets.xross-stars.com/card/BP01/BP01-054_6b6b6747f52d1ca0b65de0189893e4ae.png","ready","ready","【アタック強化】次のアタックのダメージ+50。"
"BP01","BP01-055/100","偉大な栄冠","memoria","完全対応","low","attack_buff_flat","次アタック強化の汎用加算ロジックで対応 / 正規イラスト表示UI確認済み","https://xross-stars.com/card/1-055","https://assets.xross-stars.com/card/BP01/BP01-055_2ee3062d77cf2b534c08b6adb54c1e4f.png","ready","ready","【アタック強化】次のアタックのダメージ+80。"
"BP01","BP01-058/100","危機一髪","memoria","完全対応","low","play_draw_2","プレイ時2ドローを実装済み / 正規イラスト表示UI確認済み","https://xross-stars.com/card/1-058","https://assets.xross-stars.com/card/BP01/BP01-058_4a37c2d9fb496a5e46dfbe0326b8f409.png","ready","ready","【プレイ時】カードを2枚引く。"
"BP01","BP01-059/100","笑ってはいけない","memoria","完全対応","low","attack_buff_flat","次アタック強化の汎用加算ロジックで対応 / 正規イラスト表示UI確認済み","https://xross-stars.com/card/1-059","https://assets.xross-stars.com/card/BP01/BP01-059_baaa87968fdc6fbdb8a26c9d0654cc08.png","ready","ready","【アタック強化】次のアタックのダメージ+60。"
"BP01","BP01-060/100","副音声","memoria","完全対応","low","play_draw_1+attack_buff_flat","プレイ時1ドローを実装済み / 次アタック強化の汎用加算ロジックで対応 / 正規イラスト表示UI確認済み","https://xross-stars.com/card/1-060","https://assets.xross-stars.com/card/BP01/BP01-060_667e3721f67a7383676d236f78066a2a.png","ready","ready","【プレイ時】カードを1枚引く。 / 【アタック強化】次のアタックのダメージ+30。"
"BP01","BP01-061/100","逃走成功","memoria","完全対応","low","play_draw_both+attack_buff_flat","両プレイヤー1ドローを実装済み / 次アタック強化の汎用加算ロジックで対応 / 正規イラスト表示UI確認済み","https://xross-stars.com/card/1-061","https://assets.xross-stars.com/card/BP01/BP01-061_24f495f862ba16b4bcc6d80e4532f57f.png","ready","ready","【プレイ時】すべてのプレイヤーはカードを1枚引く。 / 【アタック強化】次のアタックのダメージ+50。"
"BP01","BP01-062/100","Never Fall","memoria","完全対応","low","play_draw_3","プレイ時3ドローを実装済み / 正規イラスト表示UI確認済み","https://xross-stars.com/card/1-062","https://assets.xross-stars.com/card/BP01/BP01-062_1023c8c3543cabda9d2200877d4464a4.png","ready","ready","【プレイ時】カードを3枚引く。"
"BP01","BP01-063/100","苦難の昇格","memoria","完全対応","low","manual_card_override","個別実装済みカードとして監査レポートへ反映 / 正規イラスト表示UI確認済み","https://xross-stars.com/card/1-063","https://assets.xross-stars.com/card/BP01/BP01-063_14c7cc8e697a7341e1baa5556541d002.png","ready","ready","【プレイ時】カードを2枚引き、手札を2枚捨てる。 / 【アタック強化】次のアタックのダメージ+30。"
"BP01","BP01-064/100","ゾーン状態","memoria","完全対応","low","attack_buff_flat","次アタック強化の汎用加算ロジックで対応 / 正規イラスト表示UI確認済み","https://xross-stars.com/card/1-064","https://assets.xross-stars.com/card/BP01/BP01-064_60e5794a0d7831fe188a44cee2f454db.png","ready","ready","【アタック強化】次のアタックのダメージ+80。"
"BP01","BP01-065/100","汚部屋の住人","memoria","完全対応","low","attack_buff_flat","次アタック強化の汎用加算ロジックで対応 / 正規イラスト表示UI確認済み","https://xross-stars.com/card/1-065","https://assets.xross-stars.com/card/BP01/BP01-065_ec45c070985de245d4c7f3414774d516.png","ready","ready","【アタック強化】次のアタックのダメージ+60。"
"BP01","BP01-066/100","博聞強記","memoria","完全対応","low","play_draw_1+attack_buff_flat","プレイ時1ドローを実装済み / 次アタック強化の汎用加算ロジックで対応 / 正規イラスト表示UI確認済み","https://xross-stars.com/card/1-066","https://assets.xross-stars.com/card/BP01/BP01-066_7198ba2a6593ccae79facd9915841969.png","ready","ready","【プレイ時】カードを1枚引く。 / 【アタック強化】次のアタックのダメージ+30。"
"BP01","BP01-067/100","いつも安全運転","memoria","完全対応","low","play_draw_2","プレイ時2ドローを実装済み / 正規イラスト表示UI確認済み","https://xross-stars.com/card/1-067","https://assets.xross-stars.com/card/BP01/BP01-067_35e8485a1adada80471719674ac3825b.png","ready","ready","【プレイ時】カードを2枚引く。"
"BP01","BP01-069/100","運もミスもない","memoria","完全対応","low","manual_card_override","個別実装済みカードとして監査レポートへ反映 / 正規イラスト表示UI確認済み","https://xross-stars.com/card/1-069","https://assets.xross-stars.com/card/BP01/BP01-069_fe368ae9f6bd1a4ed0178ff5a6fab038.png","ready","ready","【プレイ時】自分のデッキの上から1枚を見る。そのカードをトラッシュに置いてもよい。 / 【アタック強化】次のアタックのダメージ+10。"
"BP01","BP01-070/100","BEAUTY SALON -HANABUSA-","memoria","完全対応","low","play_direct_damage_20","プレイ時の単体20ダメージを実装済み / 正規イラスト表示UI確認済み","https://xross-stars.com/card/1-070","https://assets.xross-stars.com/card/BP01/BP01-070_98e337bf4eeb00bb7bb771fe3fd0f7bd.png","ready","ready","【プレイ時】対戦相手のリーダー1体に20ダメージ。"
"BP01","BP01-071/100","先導者の証","memoria","完全対応","low","play_turn_attack_buff_30","ターン中全体+30を実装済み / 正規イラスト表示UI確認済み","https://xross-stars.com/card/1-071","https://assets.xross-stars.com/card/BP01/BP01-071_a8e14ea44dc581666b726d0d40599492.png","ready","ready","【プレイ時】このターン、自分のリーダーすべての攻撃力を+30する。"
"BP01","BP01-072/100","花火づくり","memoria","完全対応","low","manual_card_override","個別実装済みカードとして監査レポートへ反映 / 正規イラスト表示UI確認済み","https://xross-stars.com/card/1-072","https://assets.xross-stars.com/card/BP01/BP01-072_2e50e944d76a2d418cba187868b09564.png","ready","ready","【プレイ時】カードを2枚引き、手札を2枚捨てる。 / 【アタック強化】次のアタックのダメージ+30。"
"BP01","BP01-074/100","来てくれてありがとう","memoria","完全対応","low","play_draw_2","プレイ時2ドローを実装済み / 正規イラスト表示UI確認済み","https://xross-stars.com/card/1-074","https://assets.xross-stars.com/card/BP01/BP01-074_a5cd9bf73cf8b665f1a7b06b84608843.png","ready","ready","【プレイ時】カードを2枚引く。"
"BP01","BP01-076/100","優勝請負人","memoria","完全対応","low","attack_buff_flat","次アタック強化の汎用加算ロジックで対応 / 正規イラスト表示UI確認済み","https://xross-stars.com/card/1-076","https://assets.xross-stars.com/card/BP01/BP01-076_f1164e56c22467b318d45342d0bd303f.png","ready","ready","【アタック強化】次のアタックのダメージ+60。"
"BP01","BP01-079/100","小さなビデオレター","memoria","完全対応","low","manual_card_override","個別実装済みカードとして監査レポートへ反映 / 正規イラスト表示UI確認済み","https://xross-stars.com/card/1-079","https://assets.xross-stars.com/card/BP01/BP01-079_5d18c232600b5d7b8afc2f86c593843e.png","ready","ready","【アタック強化】次のアタックのダメージ+50。 / 【アタック後】対戦相手の他のリーダー1体に10ダメージ。"
"BP01","BP01-080/100","勝利へのジャンプ","memoria","完全対応","low","play_all_damage_50","プレイ時の全体50ダメージを実装済み / 正規イラスト表示UI確認済み","https://xross-stars.com/card/1-080","https://assets.xross-stars.com/card/BP01/BP01-080_e39c2da2aaaf67bc6d6c1a64d22bd5db.png","ready","ready","【プレイ時】対戦相手のリーダーすべてに50ダメージ。"
"BP01","BP01-081/100","喧嘩上等","memoria","完全対応","low","attack_buff_flat","次アタック強化の汎用加算ロジックで対応 / 正規イラスト表示UI確認済み","https://xross-stars.com/card/1-081","https://assets.xross-stars.com/card/BP01/BP01-081_11d935dd884b268a71eb7958b321b057.png","ready","ready","【アタック強化】次のアタックのダメージ+50。"
"BP01","BP01-083/100","バトンを繋いで","memoria","完全対応","low","attack_buff_flat","次アタック強化の汎用加算ロジックで対応 / 正規イラスト表示UI確認済み","https://xross-stars.com/card/1-083","https://assets.xross-stars.com/card/BP01/BP01-083_2de88b778c39b797645bd7901e149680.png","ready","ready","【アタック強化】次のアタックのダメージ+60。"
"BP01","BP01-084/100","引っ張り合い","memoria","完全対応","low","manual_card_override","個別実装済みカードとして監査レポートへ反映 / 正規イラスト表示UI確認済み","https://xross-stars.com/card/1-084","https://assets.xross-stars.com/card/BP01/BP01-084_cd130abb652b82417e17847a114fc142.png","ready","ready","プレイエリアに別の「引っ張り合い」が1枚あるなら、コストを支払わずにこのカードをプレイしてもよい。（2枚以上あるときはコストを支払う。） / 【アタック強化】次のアタックのダメージ+40。"
"BP01","BP01-085/100","風紀チェック","memoria","完全対応","low","manual_card_override","個別実装済みカードとして監査レポートへ反映 / 正規イラスト表示UI確認済み","https://xross-stars.com/card/1-085","https://assets.xross-stars.com/card/BP01/BP01-085_d68c84b24513fe95a574191751a2184c.png","ready","ready","【アタック強化】次のアタックのダメージ+50。 / 【アタック後】対戦相手の他のリーダー1体に10ダメージ。"
"BP01","BP01-086/100","なずNEWS","memoria","完全対応","low","play_draw_2","プレイ時2ドローを実装済み / 正規イラスト表示UI確認済み","https://xross-stars.com/card/1-086","https://assets.xross-stars.com/card/BP01/BP01-086_57b7b8f3051aba4d3ffce96454e1f8c3.png","ready","ready","【プレイ時】カードを2枚引く。"
"BP01","BP01-087/100","丸太椅子最","memoria","完全対応","low","play_direct_damage_20","プレイ時の単体20ダメージを実装済み / 正規イラスト表示UI確認済み","https://xross-stars.com/card/1-087","https://assets.xross-stars.com/card/BP01/BP01-087_f20fb133be730cc8378e312003b18be9.png","ready","ready","【プレイ時】対戦相手のリーダー1体に20ダメージ。"
"BP01","BP01-088/100","モラルからのハミダシ","memoria","完全対応","low","play_draw_both+attack_buff_flat","両プレイヤー1ドローを実装済み / 次アタック強化の汎用加算ロジックで対応 / 正規イラスト表示UI確認済み","https://xross-stars.com/card/1-088","https://assets.xross-stars.com/card/BP01/BP01-088_938cb3f05e285d5c3eb0d421402de1a2.png","ready","ready","【プレイ時】すべてのプレイヤーはカードを1枚引く。 / 【アタック強化】次のアタックのダメージ+50。"
"BP01","BP01-089/100","アドレナリン","tactics","完全対応","low","play_draw_1+attack_buff_flat","プレイ時1ドローを実装済み / 次アタック強化の汎用加算ロジックで対応 / 正規イラスト表示UI確認済み","https://xross-stars.com/card/1-089","https://assets.xross-stars.com/card/BP01/BP01-089_06935fd81832c12fea5c480f6e6a0a2b.png","ready","ready","【プレイ時】カードを1枚引く。 / 【アタック強化】次のアタックのダメージ+40。"
"BP01","BP01-090/100","エナジーチャージャー","tactics","完全対応","low","play_pp1_draw1","PP回復+ドローの複合処理を実装済み / 正規イラスト表示UI確認済み","https://xross-stars.com/card/1-090","https://assets.xross-stars.com/card/BP01/BP01-090_f0693b0e3375896fa9ed1c27ea5a1992.png","ready","ready","【プレイ時】PPを1回復し、カードを1枚引く。"
"BP01","BP01-091/100","救急キット","tactics","完全対応","low","play_heal_total_80","合計80回復を実装済み / 正規イラスト表示UI確認済み","https://xross-stars.com/card/1-091","https://assets.xross-stars.com/card/BP01/BP01-091_763fbc5aa6cdb3f8ae83c9121ba863a5.png","ready","ready","【プレイ時】自分のリーダーを合計80回復する。（複数のリーダーを選んでもよい。）"
"BP01","BP01-092/100","ストラテジックレーダー","tactics","完全対応","low","play_draw_2","プレイ時2ドローを実装済み / 正規イラスト表示UI確認済み","https://xross-stars.com/card/1-092","https://assets.xross-stars.com/card/BP01/BP01-092_5d5808e35e37829ad75351bf4078ee71.png","ready","ready","【プレイ時】カードを2枚引く。"
"BP01","BP01-093/100","ジャミングパルス","tactics","完全対応","low","play_opp_discard_2","相手2ディスカードを実装済み / 正規イラスト表示UI確認済み","https://xross-stars.com/card/1-093","https://assets.xross-stars.com/card/BP01/BP01-093_1d95fe93db6e2bfd74031acf27617bf4.png","ready","ready","【プレイ時】対戦相手は手札を2枚捨てる。"
"BP01","BP01-095/100","ライトシールド","tactics","完全対応","low","equip_hp_30","装備による体力+30を実装済み / 正規イラスト表示UI確認済み","https://xross-stars.com/card/1-095","https://assets.xross-stars.com/card/BP01/BP01-095_abefbdf4e4e662413e26be5adcd57e2f.png","ready","ready","体力+30"
"BP01","BP01-096/100","ボディアーマー","tactics","完全対応","low","equip_hp_40","装備による体力+40を実装済み / 正規イラスト表示UI確認済み","https://xross-stars.com/card/1-096","https://assets.xross-stars.com/card/BP01/BP01-096_5a8a0f284d62cf63d71b372866fa72c3.png","ready","ready","体力+40"
"BP01","BP01-098/100","PPカード","pp","完全対応","low","manual_card_override","個別実装済みカードとして監査レポートへ反映 / 正規イラスト表示UI確認済み","https://xross-stars.com/card/1-098","https://assets.xross-stars.com/card/BP01/BP01-098_d48ac8ae4ebe25e136d53a8a393e3765.png","ready","ready",""
"BP01","BP01-099/100","PPカード","pp","完全対応","low","manual_card_override","個別実装済みカードとして監査レポートへ反映 / 正規イラスト表示UI確認済み","https://xross-stars.com/card/1-099","https://assets.xross-stars.com/card/BP01/BP01-099_39bfbef9169699a2d3bdb89391016f51.png","ready","ready",""
"BP01","BP01-100/100","PPカード","pp","完全対応","low","manual_card_override","個別実装済みカードとして監査レポートへ反映 / 正規イラスト表示UI確認済み","https://xross-stars.com/card/1-100","https://assets.xross-stars.com/card/BP01/BP01-100_f34e361d728ca55710b53115e6b854c5.png","ready","ready",""
"BP01","BP01-101/100","うるか","leader","完全対応","low","leader_exact","覚醒時全体10ダメージを実装済み / 正規イラスト表示UI確認済み","https://xross-stars.com/card/1-101","https://assets.xross-stars.com/card/BP01/BP01-101_10d30d275d659614fff17a45273797ee.png","ready","ready","【覚醒時】対戦相手のリーダーすべてに10ダメージ。"
"BP01","BP01-102/100","小森めと","leader","完全対応","low","leader_exact","覚醒時単体20ダメージを実装済み / 正規イラスト表示UI確認済み","https://xross-stars.com/card/1-102","https://assets.xross-stars.com/card/BP01/BP01-102_83434c050e07eb91ffcf6adb097e8d9a.png","ready","ready","【覚醒時】対戦相手のリーダー1体に20ダメージ。"
"BP01","BP01-103/100","Selly","leader","完全対応","low","leader_exact","覚醒時単体10ダメージを実装済み / 正規イラスト表示UI確認済み","https://xross-stars.com/card/1-103","https://assets.xross-stars.com/card/BP01/BP01-103_3d089f955ac3b508036fe60c66c279e0.png","ready","ready","【覚醒時】対戦相手のリーダー1体に10ダメージ。"
"BP01","BP01-104/100","橘ひなの","leader","完全対応","low","leader_exact","覚醒時2ドロー2ディスカードを実装済み / 正規イラスト表示UI確認済み","https://xross-stars.com/card/1-104","https://assets.xross-stars.com/card/BP01/BP01-104_e0f98b82173e4698316bab68a42d3622.png","ready","ready","【覚醒時】カードを2枚引き、手札を2枚捨てる。"
"BP01","BP01-105/100","ふらんしすこ","leader","完全対応","low","leader_exact","覚醒時1ドローを実装済み / 正規イラスト表示UI確認済み","https://xross-stars.com/card/1-105","https://assets.xross-stars.com/card/BP01/BP01-105_68cea5246da8e90dd8909abc836ec808.png","ready","ready","【覚醒時】カードを1枚引く。"
"BP01","BP01-106/100","Mondo","leader","完全対応","low","leader_exact","覚醒時20回復を実装済み / 正規イラスト表示UI確認済み","https://xross-stars.com/card/1-106","https://assets.xross-stars.com/card/BP01/BP01-106_3821ddb57906998cb4b2f34195f76ab4.png","ready","ready","【覚醒時】自分のリーダー1体を20回復する。"
"BP01","BP01-107/100","小森めと","leader","完全対応","low","leader_exact","覚醒時単体20ダメージを実装済み / 正規イラスト表示UI確認済み","https://xross-stars.com/card/1-107","https://assets.xross-stars.com/card/BP01/BP01-107_f3fc24b833256d6746f0f7e43a6b68ee.png","ready","ready","【覚醒時】対戦相手のリーダー1体に20ダメージ。"
"BP01","BP01-108/100","橘ひなの","leader","完全対応","low","leader_exact","覚醒時2ドロー2ディスカードを実装済み / 正規イラスト表示UI確認済み","https://xross-stars.com/card/1-108","https://assets.xross-stars.com/card/BP01/BP01-108_ae02be88d86dd51e26c7f86d14498161.png","ready","ready","【覚醒時】カードを2枚引き、手札を2枚捨てる。"
"BP01","BP01-109/100","一ノ瀬うるは","leader","完全対応","low","leader_exact","覚醒時1ドローを実装済み / 正規イラスト表示UI確認済み","https://xross-stars.com/card/1-109","https://assets.xross-stars.com/card/BP01/BP01-109_24db16e53d27ec8a95d9212cec946842.png","ready","ready","【覚醒時】カードを1枚引く。"
"BP01","BP01-110/100","Kamito","leader","完全対応","low","leader_exact","覚醒時1ドローを実装済み / 正規イラスト表示UI確認済み","https://xross-stars.com/card/1-110","https://assets.xross-stars.com/card/BP01/BP01-110_8c4272a9e79411b0ecaea76997ed9bbc.png","ready","ready","【覚醒時】カードを1枚引く。"
"BP01","BP01-111/100","小雀とと","leader","完全対応","low","leader_exact","覚醒時単体10ダメージを実装済み / 正規イラスト表示UI確認済み","https://xross-stars.com/card/1-111","https://assets.xross-stars.com/card/BP01/BP01-111_963d20841baec6d9edec8482905881c6.png","ready","ready","【覚醒時】対戦相手のリーダー1体に10ダメージ。"
"BP01","BP01-112/100","渋谷ハル","leader","完全対応","low","leader_exact","覚醒時全体10ダメージを実装済み / 正規イラスト表示UI確認済み","https://xross-stars.com/card/1-112","https://assets.xross-stars.com/card/BP01/BP01-112_2527406b0d092f3ca16a078ea9686768.png","ready","ready","【覚醒時】対戦相手のリーダーすべてに10ダメージ。"
"BP01","BP01-113/100","白雪レイド","leader","完全対応","low","leader_exact","覚醒時2ドロー2ディスカードを実装済み / 正規イラスト表示UI確認済み","https://xross-stars.com/card/1-113","https://assets.xross-stars.com/card/BP01/BP01-113_e5e0b8eb8fa49f3fab178181e06518d5.png","ready","ready","【覚醒時】カードを2枚引き、手札を2枚捨てる。"
"BP01","BP01-114/100","英リサ","leader","完全対応","low","leader_exact","覚醒時20回復を実装済み / 正規イラスト表示UI確認済み","https://xross-stars.com/card/1-114","https://assets.xross-stars.com/card/BP01/BP01-114_f433b25bdb00c59db10722a7fa1e243e.png","ready","ready","【覚醒時】自分のリーダー1体を20回復する。"
"BP01","BP01-115/100","一ノ瀬うるは","leader","完全対応","low","leader_exact","覚醒時1ドローを実装済み / 正規イラスト表示UI確認済み","https://xross-stars.com/card/1-115","https://assets.xross-stars.com/card/BP01/BP01-115_981a1fe65402107cbd5ea5e05b8777b3.png","ready","ready","【覚醒時】カードを1枚引く。"
"BP01","BP01-116/100","渋谷ハル","leader","完全対応","low","leader_exact","覚醒時全体10ダメージを実装済み / 正規イラスト表示UI確認済み","https://xross-stars.com/card/1-116","https://assets.xross-stars.com/card/BP01/BP01-116_94c6b56eba47a6e75dad0663d3f021eb.png","ready","ready","【覚醒時】対戦相手のリーダーすべてに10ダメージ。"
"BP01","BP01-117/100","胡桃のあ","leader","完全対応","low","leader_exact","覚醒時20回復を実装済み / 正規イラスト表示UI確認済み","https://xross-stars.com/card/1-117","https://assets.xross-stars.com/card/BP01/BP01-117_b6a058ce74a3e6afd71d2f1bbad40ffc.png","ready","ready","【覚醒時】自分のリーダー1体を20回復する。"
"BP01","BP01-118/100","ごっちゃん@マイキー","leader","完全対応","low","leader_exact","覚醒時2ドロー2ディスカードを実装済み / 正規イラスト表示UI確認済み","https://xross-stars.com/card/1-118","https://assets.xross-stars.com/card/BP01/BP01-118_04a62cce6288481c62a6b8eed779f5aa.png","ready","ready","【覚醒時】カードを2枚引き、手札を2枚捨てる。"
"BP01","BP01-119/100","Cpt","leader","完全対応","low","leader_exact","覚醒時1ドローを実装済み / 正規イラスト表示UI確認済み","https://xross-stars.com/card/1-119","https://assets.xross-stars.com/card/BP01/BP01-119_cbb920a194a2a91d618232f38b3a234e.png","ready","ready","【覚醒時】カードを1枚引く。"
"BP01","BP01-120/100","兎咲ミミ","leader","完全対応","low","leader_exact","覚醒時単体10ダメージを実装済み / 正規イラスト表示UI確認済み","https://xross-stars.com/card/1-120","https://assets.xross-stars.com/card/BP01/BP01-120_19657d974578e8a19edd1bc764bd96fa.png","ready","ready","【覚醒時】対戦相手のリーダー1体に10ダメージ。"
"BP01","BP01-121/100","VanilLa","leader","完全対応","low","leader_exact","覚醒時1ドローを実装済み / 正規イラスト表示UI確認済み","https://xross-stars.com/card/1-121","https://assets.xross-stars.com/card/BP01/BP01-121_d431e094278c8e450f82aba577e6cc2b.png","ready","ready","【覚醒時】カードを1枚引く。"
"BP01","BP01-122/100","Ras","leader","完全対応","low","leader_exact","覚醒時全体10ダメージを実装済み / 正規イラスト表示UI確認済み","https://xross-stars.com/card/1-122","https://assets.xross-stars.com/card/BP01/BP01-122_db2ad8178c42bd782994e850c64507ab.png","ready","ready","【覚醒時】対戦相手のリーダーすべてに10ダメージ。"
"BP01","BP01-123/100","胡桃のあ","leader","完全対応","low","leader_exact","覚醒時20回復を実装済み / 正規イラスト表示UI確認済み","https://xross-stars.com/card/1-123","https://assets.xross-stars.com/card/BP01/BP01-123_07d39efd5cb603b9a8262d987769d8de.png","ready","ready","【覚醒時】自分のリーダー1体を20回復する。"
"BP01","BP01-124/100","Ras","leader","完全対応","low","leader_exact","覚醒時全体10ダメージを実装済み / 正規イラスト表示UI確認済み","https://xross-stars.com/card/1-124","https://assets.xross-stars.com/card/BP01/BP01-124_b65bc69b116401024aaca9f8b7162ea5.png","ready","ready","【覚醒時】対戦相手のリーダーすべてに10ダメージ。"
"BP01","BP01-125/100","空澄セナ","leader","完全対応","low","leader_exact","覚醒時2ドロー2ディスカードを実装済み / 正規イラスト表示UI確認済み","https://xross-stars.com/card/1-125","https://assets.xross-stars.com/card/BP01/BP01-125_fec5288575b0e45babd37cf0f735c30f.png","ready","ready","【覚醒時】カードを2枚引き、手札を2枚捨てる。"
"BP01","BP01-126/100","ありさか","leader","完全対応","low","leader_exact","覚醒時1ドローを実装済み / 正規イラスト表示UI確認済み","https://xross-stars.com/card/1-126","https://assets.xross-stars.com/card/BP01/BP01-126_b5984804e41aab47c931058ff71b2da8.png","ready","ready","【覚醒時】カードを1枚引く。"
"BP01","BP01-127/100","花芽すみれ","leader","完全対応","low","leader_exact","覚醒時全体10ダメージを実装済み / 正規イラスト表示UI確認済み","https://xross-stars.com/card/1-127","https://assets.xross-stars.com/card/BP01/BP01-127_bff761a9fb9399f404d95343b104d14e.png","ready","ready","【覚醒時】対戦相手のリーダーすべてに10ダメージ。"
"BP01","BP01-128/100","花芽なずな","leader","完全対応","low","leader_exact","覚醒時20回復を実装済み / 正規イラスト表示UI確認済み","https://xross-stars.com/card/1-128","https://assets.xross-stars.com/card/BP01/BP01-128_526519c152608b7d61a470b7947f9414.png","ready","ready","【覚醒時】自分のリーダー1体を20回復する。"
"BP01","BP01-129/100","だるまいずごっど","leader","完全対応","low","leader_exact","覚醒時単体20ダメージを実装済み / 正規イラスト表示UI確認済み","https://xross-stars.com/card/1-129","https://assets.xross-stars.com/card/BP01/BP01-129_d83f2f5cbb10509b0bfc1a9491a25668.png","ready","ready","【覚醒時】対戦相手のリーダー1体に20ダメージ。"
"BP01","BP01-130/100","nqrse","leader","完全対応","low","leader_exact","覚醒時単体10ダメージを実装済み / 正規イラスト表示UI確認済み","https://xross-stars.com/card/1-130","https://assets.xross-stars.com/card/BP01/BP01-130_de905c2f6bffc5d85c9bac2e8dfd5609.png","ready","ready","【覚醒時】対戦相手のリーダー1体に10ダメージ。"
"BP01","BP01-131/100","ありさか","leader","完全対応","low","leader_exact","覚醒時1ドローを実装済み / 正規イラスト表示UI確認済み","https://xross-stars.com/card/1-131","https://assets.xross-stars.com/card/BP01/BP01-131_8cd2e1d47402a2d434e87d9a0ffa4a10.png","ready","ready","【覚醒時】カードを1枚引く。"
"BP01","BP01-132/100","だるまいずごっど","leader","完全対応","low","leader_exact","覚醒時単体20ダメージを実装済み / 正規イラスト表示UI確認済み","https://xross-stars.com/card/1-132","https://assets.xross-stars.com/card/BP01/BP01-132_5c5fc61139c6ae71f010555cf5dcf12d.png","ready","ready","【覚醒時】対戦相手のリーダー1体に20ダメージ。"
"BP01","BP01-134/100","CLUTCH!!!","attack","完全対応","low","manual_card_override","個別実装済みカードとして監査レポートへ反映 / 正規イラスト表示UI確認済み","https://xross-stars.com/card/1-134","https://assets.xross-stars.com/card/BP01/BP01-134_acb96871038b22d946a9e9f0ceb6ef30.png","ready","ready","【アタックする】自分の手札のコスト0のカード1枚を公開し、捨ててもよい。そうしたならカードを1枚引き、ダメージ+40。"
"BP01","BP01-135/100","ロケットランチャー","attack","完全対応","low","manual_card_override","個別実装済みカードとして監査レポートへ反映 / 正規イラスト表示UI確認済み","https://xross-stars.com/card/1-135","https://assets.xross-stars.com/card/BP01/BP01-135_29efd0c39a6fbf97237bcd7f5b8830ef.png","ready","ready","【アタックする】ダメージ+40。 / 【アタック後】対戦相手の他のリーダー1体に30ダメージ。"
"BP01","BP01-138/100","Never Fall","memoria","完全対応","low","play_draw_3","プレイ時3ドローを実装済み / 正規イラスト表示UI確認済み","https://xross-stars.com/card/1-138","https://assets.xross-stars.com/card/BP01/BP01-138_91faa9d67f30a24946d1f8ab56159ebc.png","ready","ready","【プレイ時】カードを3枚引く。"
"BP01","BP01-139/100","先導者の証","memoria","完全対応","low","play_turn_attack_buff_30","ターン中全体+30を実装済み / 正規イラスト表示UI確認済み","https://xross-stars.com/card/1-139","https://assets.xross-stars.com/card/BP01/BP01-139_2d073c27b457384d2c8b59d0c410a6d2.png","ready","ready","【プレイ時】このターン、自分のリーダーすべての攻撃力を+30する。"
"BP01","BP01-140/100","勝利へのジャンプ","memoria","完全対応","low","play_all_damage_50","プレイ時の全体50ダメージを実装済み / 正規イラスト表示UI確認済み","https://xross-stars.com/card/1-140","https://assets.xross-stars.com/card/BP01/BP01-140_76ad7bee85555d18504bc1c30400012f.png","ready","ready","【プレイ時】対戦相手のリーダーすべてに50ダメージ。"
"BP02","BP02-001/082","赤見かるび","leader","完全対応","low","leader_exact","覚醒時20回復を実装済み / 正規イラスト表示UI確認済み","https://xross-stars.com/card/5-001","https://assets.xross-stars.com/card/BP02/BP02-001_04696a04e78c98fee8de79d101358673.png","ready","ready","【覚醒時】自分のリーダー1体を20回復する。"
"BP02","BP02-002/082","如月れん","leader","完全対応","low","leader_exact","覚醒時単体10ダメージを実装済み / 正規イラスト表示UI確認済み","https://xross-stars.com/card/5-002","https://assets.xross-stars.com/card/BP02/BP02-002_2ca5b6c5205799d4b313bcb4f2d3d6ed.png","ready","ready","【覚醒時】対戦相手のリーダー1体に10ダメージ。"
"BP02","BP02-003/082","立川","leader","完全対応","low","leader_exact","覚醒時2ドロー2ディスカードを実装済み / 正規イラスト表示UI確認済み","https://xross-stars.com/card/5-003","https://assets.xross-stars.com/card/BP02/BP02-003_f64a173e61fb70fc51a3dbe9216e70f2.png","ready","ready","【覚醒時】カードを2枚引き、手札を2枚捨てる。"
"BP02","BP02-004/082","蝶屋はなび","leader","完全対応","low","leader_exact","覚醒時1ドローを実装済み / 正規イラスト表示UI確認済み","https://xross-stars.com/card/5-004","https://assets.xross-stars.com/card/BP02/BP02-004_323f89458095a9102703f48b8997434a.png","ready","ready","【覚醒時】カードを1枚引く。"
"BP02","BP02-005/082","あれる","leader","完全対応","low","leader_exact","覚醒時単体10ダメージを実装済み / 正規イラスト表示UI確認済み","https://xross-stars.com/card/5-005","https://assets.xross-stars.com/card/BP02/BP02-005_e74b2f9c6b7893ffa07455842b88b364.png","ready","ready","【覚醒時】対戦相手のリーダー1体に10ダメージ。"
"BP02","BP02-006/082","かずのこ","leader","完全対応","low","leader_exact","覚醒時1ドローを実装済み / 正規イラスト表示UI確認済み","https://xross-stars.com/card/5-006","https://assets.xross-stars.com/card/BP02/BP02-006_f5edca5b996969f7a3c7699f64ead644.png","ready","ready","【覚醒時】カードを1枚引く。"
"BP02","BP02-007/082","Shuto","leader","完全対応","low","leader_exact","覚醒時2ドロー2ディスカードを実装済み / 正規イラスト表示UI確認済み","https://xross-stars.com/card/5-007","https://assets.xross-stars.com/card/BP02/BP02-007_6a1f2649a1dbb966e2f54007c788d3d9.png","ready","ready","【覚醒時】カードを2枚引き、手札を2枚捨てる。"
"BP02","BP02-008/082","トナカイト","leader","完全対応","low","leader_exact","覚醒時単体20ダメージを実装済み / 正規イラスト表示UI確認済み","https://xross-stars.com/card/5-008","https://assets.xross-stars.com/card/BP02/BP02-008_c353f95765964dbc38f6111ced87a910.png","ready","ready","【覚醒時】対戦相手のリーダー1体に20ダメージ。"
"BP02","BP02-009/082","甘結もか","leader","完全対応","low","leader_exact","覚醒時単体10ダメージを実装済み / 正規イラスト表示UI確認済み","https://xross-stars.com/card/5-009","https://assets.xross-stars.com/card/BP02/BP02-009_49c1af6b36b006af207f373d067a538a.png","ready","ready","【覚醒時】対戦相手のリーダー1体に10ダメージ。"
"BP02","BP02-010/082","神成きゅぴ","leader","完全対応","low","leader_exact","覚醒時全体10ダメージを実装済み / 正規イラスト表示UI確認済み","https://xross-stars.com/card/5-010","https://assets.xross-stars.com/card/BP02/BP02-010_745065a198cf3be3a9553bb53102252e.png","ready","ready","【覚醒時】対戦相手のリーダーすべてに10ダメージ。"
"BP02","BP02-011/082","kinako","leader","完全対応","low","leader_exact","覚醒時単体10ダメージを実装済み / 正規イラスト表示UI確認済み","https://xross-stars.com/card/5-011","https://assets.xross-stars.com/card/BP02/BP02-011_307541c5f5e3e899fa244985f51ee257.png","ready","ready","【覚醒時】対戦相手のリーダー1体に10ダメージ。"
"BP02","BP02-012/082","わいわい","leader","完全対応","low","leader_exact","覚醒時20回復を実装済み / 正規イラスト表示UI確認済み","https://xross-stars.com/card/5-012","https://assets.xross-stars.com/card/BP02/BP02-012_0f566ef5c2041db6a061a45bab765de3.png","ready","ready","【覚醒時】自分のリーダー1体を20回復する。"
"BP02","BP02-013/082","天鬼ぷるる","leader","完全対応","low","leader_exact","覚醒時2ドロー2ディスカードを実装済み / 正規イラスト表示UI確認済み","https://xross-stars.com/card/5-013","https://assets.xross-stars.com/card/BP02/BP02-013_21205d709b007b9754ebd17e6cde857b.png","ready","ready","【覚醒時】カードを2枚引き、手札を2枚捨てる。"
"BP02","BP02-014/082","どぐら","leader","完全対応","low","leader_exact","覚醒時全体10ダメージを実装済み / 正規イラスト表示UI確認済み","https://xross-stars.com/card/5-014","https://assets.xross-stars.com/card/BP02/BP02-014_0c3cee1e00b8f4b5087fdf8f6103159e.png","ready","ready","【覚醒時】対戦相手のリーダーすべてに10ダメージ。"
"BP02","BP02-015/082","ボンちゃん","leader","完全対応","low","leader_exact","覚醒時1ドローを実装済み / 正規イラスト表示UI確認済み","https://xross-stars.com/card/5-015","https://assets.xross-stars.com/card/BP02/BP02-015_6c280da285da9f452d254494a1e2fa31.png","ready","ready","【覚醒時】カードを1枚引く。"
"BP02","BP02-016/082","八雲べに","leader","完全対応","low","leader_exact","覚醒時20回復を実装済み / 正規イラスト表示UI確認済み","https://xross-stars.com/card/5-016","https://assets.xross-stars.com/card/BP02/BP02-016_4430b21c3d74af6d05b19e0d55fa84fc.png","ready","ready","【覚醒時】自分のリーダー1体を20回復する。"
"BP02","BP02-018/082","サイコフォートレス","attack","完全対応","low","attack_awakened_bonus","覚醒条件のダメージ補正を実装済み / 正規イラスト表示UI確認済み","https://xross-stars.com/card/5-018","https://assets.xross-stars.com/card/BP02/BP02-018_23057ad1a83cdd3e14bba767563578dc.png","ready","ready","【アタックする】アタッカーが覚醒しているなら、ダメージ+10。"
"BP02","BP02-019/082","エトワール・タチカワ","attack","完全対応","low","attack_all_other_20","アタック後の他リーダー全体20ダメージを実装済み / 正規イラスト表示UI確認済み","https://xross-stars.com/card/5-019","https://assets.xross-stars.com/card/BP02/BP02-019_a6c8a463ff9992e92310663e67c2ed4c.png","ready","ready","【アタックする】 / 【アタック後】対戦相手の他のリーダーすべてに20ダメージ。"
"BP02","BP02-021/082","うっかりアッパー","attack","完全対応","low","attack_marker+attack_post_conditional","アタック宣言マーカーを実装済み / プレイエリアにメモリアカードが2枚以上あるなら、 に対応したアタック後処理を実装済み / 正規イラスト表示UI確認済み","https://xross-stars.com/card/5-021","https://assets.xross-stars.com/card/BP02/BP02-021_63f00dafae7ffb326fa4394bce4d6bc8.png","ready","ready","【アタックする】 / 【アタック後】プレイエリアにメモリアカードが2枚以上あるなら、対戦相手の他のリーダー1体に20ダメージ。"
"BP02","BP02-022/082","油断大敵","attack","完全対応","low","attack_flat_damage","アタック時の固定ダメージ補正を実装済み / 正規イラスト表示UI確認済み","https://xross-stars.com/card/5-022","https://assets.xross-stars.com/card/BP02/BP02-022_df5757c01d453b1081779ab8fa5da8b8.png","ready","ready","【アタックする】ダメージ+10。"
"BP02","BP02-023/082","圧倒的わたし！！","attack","完全対応","low","attack_target_down_draw_1","対象ダウン条件つき1ドローを実装済み / 正規イラスト表示UI確認済み","https://xross-stars.com/card/5-023","https://assets.xross-stars.com/card/BP02/BP02-023_10e5e2d004a04babb34903532732f2ce.png","ready","ready","【アタックする】 / 【アタック後】このアタックを受けたリーダーがダウンしているなら、カードを1枚引く。"
"BP02","BP02-026/082","ドレッドフォーム","attack","完全対応","low","attack_other_leader_10","アタック後の他リーダー単体10ダメージ選択を実装済み / 正規イラスト表示UI確認済み","https://xross-stars.com/card/5-026","https://assets.xross-stars.com/card/BP02/BP02-026_0f8e88fcdabfc3e2f64a8cf6dde97709.png","ready","ready","【アタックする】 / 【アタック後】対戦相手の他のリーダー1体に10ダメージ。"
"BP02","BP02-027/082","不撓不屈","attack","完全対応","low","attack_reveal_top_bonus","相手デッキ公開による条件ダメージを実装済み / 正規イラスト表示UI確認済み","https://xross-stars.com/card/5-027","https://assets.xross-stars.com/card/BP02/BP02-027_fa4f0c18d680153b764afd47478b6820.png","ready","ready","【アタックする】対戦相手のデッキの上から1枚を公開し、トラッシュに置く。そのカードがメモリアカードなら、ダメージ+20。"
"BP02","BP02-028/082","逆境の1ドット","attack","完全対応","low","attack_marker+attack_post_conditional","アタック宣言マーカーを実装済み / プレイエリアにメモリアカードが2枚以上あるなら、 に対応したアタック後処理を実装済み / 正規イラスト表示UI確認済み","https://xross-stars.com/card/5-028","https://assets.xross-stars.com/card/BP02/BP02-028_a8dd1fc5b6f606fae72f18b908adce73.png","ready","ready","【アタックする】 / 【アタック後】プレイエリアにメモリアカードが2枚以上あるなら、対戦相手の他のリーダーすべてに10ダメージ。"
"BP02","BP02-029/082","カウンターブロー","attack","完全対応","low","play_pp_if_no_other_cards+attack_flat_damage","場に他カードがない条件のPP回復を実装済み / アタック時の固定ダメージ補正を実装済み / 正規イラスト表示UI確認済み","https://xross-stars.com/card/5-029","https://assets.xross-stars.com/card/BP02/BP02-029_1c4d00b7a886673f6ba3b29c63c62732.png","ready","ready","【プレイ時】プレイエリアに他のカードがないなら、PPを1回復する。 / 【アタックする】ダメージ-10。"
"BP02","BP02-030/082","ミラクルナイフ","attack","完全対応","low","attack_flat_damage","アタック時の固定ダメージ補正を実装済み / 正規イラスト表示UI確認済み","https://xross-stars.com/card/5-030","https://assets.xross-stars.com/card/BP02/BP02-030_0d5f2942ccb9ec84671b66a21509960a.png","ready","ready","【アタックする】ダメージ+10。"
"BP02","BP02-031/082","勝利の雄たけび","attack","完全対応","low","attack_flat_damage+attack_post_effect","アタック時の固定ダメージ補正を実装済み / アタック後2ドローを実装済み / 正規イラスト表示UI確認済み","https://xross-stars.com/card/5-031","https://assets.xross-stars.com/card/BP02/BP02-031_5b6159eee114eb20467262365df6bc6f.png","ready","ready","【アタックする】ダメージ+30。 / 【アタック後】カードを2枚引く。"
"BP02","BP02-032/082","アンストッパブル","attack","完全対応","low","attack_round3_bonus","3ラウンド目条件のダメージ補正を実装済み / 正規イラスト表示UI確認済み","https://xross-stars.com/card/5-032","https://assets.xross-stars.com/card/BP02/BP02-032_3d14423b5734461a79e55d33dd022389.png","ready","ready","【アタックする】このラウンドが3ラウンド目なら、ダメージ+20。"
"BP02","BP02-033/082","ダイナミック薪割り","attack","完全対応","low","attack_draw_1_discard_1","アタック後1ドロー1ディスカードを実装済み / 正規イラスト表示UI確認済み","https://xross-stars.com/card/5-033","https://assets.xross-stars.com/card/BP02/BP02-033_be47654fc5792ce36416adc131459fa3.png","ready","ready","【アタックする】 / 【アタック後】カードを1枚引き、手札を1枚捨てる。"
"BP02","BP02-034/082","ヘヴィーインパクト","attack","完全対応","low","attack_marker+attack_post_conditional","アタック宣言マーカーを実装済み / プレイエリアにメモリアカードが2枚以上あるなら、 に対応したアタック後処理を実装済み / 正規イラスト表示UI確認済み","https://xross-stars.com/card/5-034","https://assets.xross-stars.com/card/BP02/BP02-034_15aacf1f816497efa7a3430ea8f448e4.png","ready","ready","【アタックする】 / 【アタック後】プレイエリアにメモリアカードが2枚以上あるなら、対戦相手の他のリーダーすべてに10ダメージ。"
"BP02","BP02-036/082","スウィートドリーム","attack","完全対応","low","attack_flat_damage","アタック時の固定ダメージ補正を実装済み / 正規イラスト表示UI確認済み","https://xross-stars.com/card/5-036","https://assets.xross-stars.com/card/BP02/BP02-036_7b24684b5209ac91dc8cd28fbfc042eb.png","ready","ready","【アタックする】ダメージ+10。"
"BP02","BP02-037/082","ベテランの意地","attack","完全対応","low","attack_marker+attack_post_conditional","アタック宣言マーカーを実装済み / プレイエリアにメモリアカードが2枚以上あるなら、 に対応したアタック後処理を実装済み / 正規イラスト表示UI確認済み","https://xross-stars.com/card/5-037","https://assets.xross-stars.com/card/BP02/BP02-037_da91324ac130049735e058f5ad68285a.png","ready","ready","【アタックする】 / 【アタック後】プレイエリアにメモリアカードが2枚以上あるなら、対戦相手の他のリーダー1体に20ダメージ。"
"BP02","BP02-038/082","オールスターコンボ","attack","完全対応","low","attack_other_attack_count_bonus","他アタック枚数条件のダメージ補正を実装済み / 正規イラスト表示UI確認済み","https://xross-stars.com/card/5-038","https://assets.xross-stars.com/card/BP02/BP02-038_e0fcd317c6a7686cb74cc4dce111e8dd.png","ready","ready","【アタックする】プレイエリアに他のアタックカードが2枚以上あるなら、ダメージ+40。プレイエリアに他のアタックカードが4枚以上あるなら、さらにダメージ+20。"
"BP02","BP02-040/082","マシンガントーク","attack","完全対応","low","attack_draw_1_discard_1","アタック後1ドロー1ディスカードを実装済み / 正規イラスト表示UI確認済み","https://xross-stars.com/card/5-040","https://assets.xross-stars.com/card/BP02/BP02-040_57405a35e5bb80b5c474ef040a33c610.png","ready","ready","【アタックする】 / 【アタック後】カードを1枚引き、手札を1枚捨てる。"
"BP02","BP02-041/082","エアリアルアックス","attack","完全対応","low","attack_flat_damage","アタック時の固定ダメージ補正を実装済み / 正規イラスト表示UI確認済み","https://xross-stars.com/card/5-041","https://assets.xross-stars.com/card/BP02/BP02-041_01012e54beca3fcfe312d818bcee4188.png","ready","ready","【アタックする】ダメージ+10。"
"BP02","BP02-042/082","大将の威厳","attack","完全対応","low","attack_marker+attack_post_conditional","アタック宣言マーカーを実装済み / このアタックを受けたリーダーがダウンしているなら、 に対応したアタック後処理を実装済み / 正規イラスト表示UI確認済み","https://xross-stars.com/card/5-042","https://assets.xross-stars.com/card/BP02/BP02-042_070845c7d9d3d894001dde2357fc220d.png","ready","ready","【アタックする】 / 【アタック後】このアタックを受けたリーダーがダウンしているなら、対戦相手は手札を1枚捨てる。"
"BP02","BP02-043/082","マウントタックル","attack","完全対応","low","manual_card_override","個別実装済みカードとして監査レポートへ反映 / 正規イラスト表示UI確認済み","https://xross-stars.com/card/5-043","https://assets.xross-stars.com/card/BP02/BP02-043_4947c78acb0dd222dbb070d34c1f2c5e.png","ready","ready","【アタックする】 / 【アタック強化】次のアタックのダメージ+20。"
"BP02","BP02-044/082","セクシーアローべにショット","attack","完全対応","low","attack_target_down_draw_1","対象ダウン条件つき1ドローを実装済み / 正規イラスト表示UI確認済み","https://xross-stars.com/card/5-044","https://assets.xross-stars.com/card/BP02/BP02-044_275fd2f4ed533b6c65077433cf2caff8.png","ready","ready","【アタックする】 / 【アタック後】このアタックを受けたリーダーがダウンしているなら、カードを1枚引く。"
"BP02","BP02-046/082","いただきま～す！","memoria","完全対応","low","attack_buff_flat","次アタック強化の汎用加算ロジックで対応 / 正規イラスト表示UI確認済み","https://xross-stars.com/card/5-046","https://assets.xross-stars.com/card/BP02/BP02-046_e8ed180033c1e573cdaea851064baebb.png","ready","ready","【アタック強化】次のアタックのダメージ+50。"
"BP02","BP02-047/082","ケーキのおうち","memoria","完全対応","low","manual_card_override","個別実装済みカードとして監査レポートへ反映 / 正規イラスト表示UI確認済み","https://xross-stars.com/card/5-047","https://assets.xross-stars.com/card/BP02/BP02-047_e7c0688fc4125299f7f507d9b295f525.png","ready","ready","【プレイ時】自分のリーダー1体を30回復する。 / 【アタック強化】次のアタックのダメージ+30。"
"BP02","BP02-048/082","ちる！","memoria","完全対応","low","manual_card_override","個別実装済みカードとして監査レポートへ反映 / 正規イラスト表示UI確認済み","https://xross-stars.com/card/5-048","https://assets.xross-stars.com/card/BP02/BP02-048_e9570136bc7fc4c37729b479e21db381.png","ready","ready","【アタック強化】次のアタックのダメージ+50。 / 【アタック後】対戦相手の他のリーダー1体に10ダメージ。"
"BP02","BP02-049/082","究極自摸","memoria","完全対応","low","attack_post_effect","アタック後1ドローを実装済み / 正規イラスト表示UI確認済み","https://xross-stars.com/card/5-049","https://assets.xross-stars.com/card/BP02/BP02-049_57cea8c9f2a5005b0d2761d46cd99096.png","ready","ready","【アタック後】カードを1枚引く。"
"BP02","BP02-050/082","邪念払拭","memoria","完全対応","low","play_direct_damage_20","プレイ時の単体20ダメージを実装済み / 正規イラスト表示UI確認済み","https://xross-stars.com/card/5-050","https://assets.xross-stars.com/card/BP02/BP02-050_bceb4b690c7191f062cbae145f114878.png","ready","ready","【プレイ時】対戦相手のリーダー1体に20ダメージ。"
"BP02","BP02-051/082","初めての歓声","memoria","完全対応","low","attack_buff_flat","次アタック強化の汎用加算ロジックで対応 / 正規イラスト表示UI確認済み","https://xross-stars.com/card/5-051","https://assets.xross-stars.com/card/BP02/BP02-051_318242dd69f523a2b795ef1f808af2a7.png","ready","ready","【アタック強化】次のアタックのダメージ+60。"
"BP02","BP02-053/082","天賦の竹槍","memoria","完全対応","low","attack_buff_flat","次アタック強化の汎用加算ロジックで対応 / 正規イラスト表示UI確認済み","https://xross-stars.com/card/5-053","https://assets.xross-stars.com/card/BP02/BP02-053_44aa3a2b44061dab0a0a3205d8a1eee4.png","ready","ready","【アタック強化】次のアタックのダメージ+50。"
"BP02","BP02-054/082","焦土の王者","memoria","完全対応","low","manual_card_override","個別実装済みカードとして監査レポートへ反映 / 正規イラスト表示UI確認済み","https://xross-stars.com/card/5-054","https://assets.xross-stars.com/card/BP02/BP02-054_65a7b5b60b726a7ebec5cbf87d5340ad.png","ready","ready","【プレイ時】カードを1枚引き、手札を1枚捨てる。"
"BP02","BP02-055/082","やさぐれメイド","memoria","完全対応","low","attack_buff_flat","次アタック強化の汎用加算ロジックで対応 / 正規イラスト表示UI確認済み","https://xross-stars.com/card/5-055","https://assets.xross-stars.com/card/BP02/BP02-055_4341b98e57e0f4c299b7186802766c86.png","ready","ready","【アタック強化】次のアタックのダメージ+60。"
"BP02","BP02-057/082","愛弟子の栄冠","memoria","完全対応","low","play_draw_2","プレイ時2ドローを実装済み / 正規イラスト表示UI確認済み","https://xross-stars.com/card/5-057","https://assets.xross-stars.com/card/BP02/BP02-057_ab857be0050e9324d5151f529e0d8127.png","ready","ready","【プレイ時】カードを2枚引く。"
"BP02","BP02-059/082","逆転のハイドギャル","memoria","完全対応","low","attack_buff_flat","次アタック強化の汎用加算ロジックで対応 / 正規イラスト表示UI確認済み","https://xross-stars.com/card/5-059","https://assets.xross-stars.com/card/BP02/BP02-059_85382da552e86d22ba278c2191e2a95e.png","ready","ready","【アタック強化】次のアタックのダメージ+80。"
"BP02","BP02-060/082","メンタルブレイク","memoria","完全対応","low","play_draw_1+attack_buff_flat","プレイ時1ドローを実装済み / 次アタック強化の汎用加算ロジックで対応 / 正規イラスト表示UI確認済み","https://xross-stars.com/card/5-060","https://assets.xross-stars.com/card/BP02/BP02-060_83afffd0012008d3d8030416a859ecdc.png","ready","ready","【プレイ時】カードを1枚引く。 / 【アタック強化】次のアタックのダメージ+60。"
"BP02","BP02-061/082","ワザでんがや","memoria","完全対応","low","attack_buff_flat","次アタック強化の汎用加算ロジックで対応 / 正規イラスト表示UI確認済み","https://xross-stars.com/card/5-061","https://assets.xross-stars.com/card/BP02/BP02-061_574f524894515ea68157742cfff48d02.png","ready","ready","【アタック強化】次のアタックのダメージ+50。"
"BP02","BP02-062/082","クッキングパニック","memoria","完全対応","low","play_direct_damage_20","プレイ時の単体20ダメージを実装済み / 正規イラスト表示UI確認済み","https://xross-stars.com/card/5-062","https://assets.xross-stars.com/card/BP02/BP02-062_49fd10e3ca3a0f74c09119b7f12465ad.png","ready","ready","【プレイ時】対戦相手のリーダー1体に20ダメージ。"
"BP02","BP02-063/082","ギャルスタイル","memoria","完全対応","low","play_draw_1+attack_buff_flat","プレイ時1ドローを実装済み / 次アタック強化の汎用加算ロジックで対応 / 正規イラスト表示UI確認済み","https://xross-stars.com/card/5-063","https://assets.xross-stars.com/card/BP02/BP02-063_81cce5679378b914efe08bff044e77cd.png","ready","ready","【プレイ時】カードを1枚引く。 / 【アタック強化】次のアタックのダメージ+30。"
"BP02","BP02-064/082","デルボーモッパイ","memoria","完全対応","low","attack_buff_flat","次アタック強化の汎用加算ロジックで対応 / 正規イラスト表示UI確認済み","https://xross-stars.com/card/5-064","https://assets.xross-stars.com/card/BP02/BP02-064_9ff7e511dec484b7aea7ed93ad16a247.png","ready","ready","【アタック強化】次のアタックのダメージ+60。"
"BP02","BP02-065/082","パッションコール","memoria","完全対応","low","manual_card_override","個別実装済みカードとして監査レポートへ反映 / 正規イラスト表示UI確認済み","https://xross-stars.com/card/5-065","https://assets.xross-stars.com/card/BP02/BP02-065_6cbf8c27294f56c8bae8458d86745dee.png","ready","ready","【アタック強化】次のアタックのダメージ+50。 / 【アタック後】対戦相手の他のリーダー1体に10ダメージ。"
"BP02","BP02-067/082","伝道者","memoria","完全対応","low","attack_buff_flat","次アタック強化の汎用加算ロジックで対応 / 正規イラスト表示UI確認済み","https://xross-stars.com/card/5-067","https://assets.xross-stars.com/card/BP02/BP02-067_45c623d280e707ec2d599ae66675e2d5.png","ready","ready","【アタック強化】次のアタックのダメージ+50。"
"BP02","BP02-070/082","1先の悪魔","memoria","完全対応","low","attack_buff_flat","次アタック強化の汎用加算ロジックで対応 / 正規イラスト表示UI確認済み","https://xross-stars.com/card/5-070","https://assets.xross-stars.com/card/BP02/BP02-070_e9950168a433771af698c9cfca60a226.png","ready","ready","【アタック強化】次のアタックのダメージ+60。"
"BP02","BP02-071/082","無敵の師弟","memoria","完全対応","low","play_draw_2","プレイ時2ドローを実装済み / 正規イラスト表示UI確認済み","https://xross-stars.com/card/5-071","https://assets.xross-stars.com/card/BP02/BP02-071_652bf655f7e0432e22bd5aafb1126142.png","ready","ready","【プレイ時】カードを2枚引く。"
"BP02","BP02-072/082","トリプルティアラ","memoria","完全対応","low","play_draw_1+attack_buff_flat","プレイ時1ドローを実装済み / 次アタック強化の汎用加算ロジックで対応 / 正規イラスト表示UI確認済み","https://xross-stars.com/card/5-072","https://assets.xross-stars.com/card/BP02/BP02-072_22a5b4794257fd0d044eee3eef8cbb88.png","ready","ready","【プレイ時】カードを1枚引く。 / 【アタック強化】次のアタックのダメージ+30。"
"BP02","BP02-073/082","エナジーチャージャー","tactics","完全対応","low","play_pp1_draw1","PP回復+ドローの複合処理を実装済み / 正規イラスト表示UI確認済み","https://xross-stars.com/card/5-073","https://assets.xross-stars.com/card/BP02/BP02-073_a091cab413ba5be0204ce29b430c2dd7.png","ready","ready","【プレイ時】PPを1回復し、カードを1枚引く。"
"BP02","BP02-074/082","ストラテジックレーダー","tactics","完全対応","low","play_draw_2","プレイ時2ドローを実装済み / 正規イラスト表示UI確認済み","https://xross-stars.com/card/5-074","https://assets.xross-stars.com/card/BP02/BP02-074_6e8c923e1d307db22db570529cf1ffad.png","ready","ready","【プレイ時】カードを2枚引く。"
"BP02","BP02-076/082","ドレインロッド","tactics","完全対応","low","manual_card_override","個別実装済みカードとして監査レポートへ反映 / 正規イラスト表示UI確認済み","https://xross-stars.com/card/5-076","https://assets.xross-stars.com/card/BP02/BP02-076_ab83dd595ad55b5e4a7a3f0dc7c62361.png","ready","ready","【プレイ時】自分のリーダーを合計40回復する。（複数のリーダーを選んでもよい。）対戦相手のリーダー1体に、このカードの効果で回復した数値と同じダメージ。"
"BP02","BP02-080/082","メリケンサック","tactics","完全対応","low","equip_atk_10","装備による攻撃力+10を実装済み / 正規イラスト表示UI確認済み","https://xross-stars.com/card/5-080","https://assets.xross-stars.com/card/BP02/BP02-080_bd601c11bfde61d79aa9acc318751b12.png","ready","ready","攻撃力+10"
"BP02","BP02-082/082","PPカード","pp","完全対応","low","manual_card_override","個別実装済みカードとして監査レポートへ反映 / 正規イラスト表示UI確認済み","https://xross-stars.com/card/5-082","https://assets.xross-stars.com/card/BP02/BP02-082_c0cfa986db0670f23a6c629fa5c6f7c8.png","ready","ready",""
"BP02","BP02-083/082","赤見かるび","leader","完全対応","low","leader_exact","覚醒時20回復を実装済み / 正規イラスト表示UI確認済み","https://xross-stars.com/card/5-083","https://assets.xross-stars.com/card/BP02/BP02-083_81c1d9d8fbf5ed47549eaa9b4162e0e1.png","ready","ready","【覚醒時】自分のリーダー1体を20回復する。"
"BP02","BP02-084/082","如月れん","leader","完全対応","low","leader_exact","覚醒時単体10ダメージを実装済み / 正規イラスト表示UI確認済み","https://xross-stars.com/card/5-084","https://assets.xross-stars.com/card/BP02/BP02-084_f90ab5762b26b6ae9524e2c0d7429d42.png","ready","ready","【覚醒時】対戦相手のリーダー1体に10ダメージ。"
"BP02","BP02-085/082","立川","leader","完全対応","low","leader_exact","覚醒時2ドロー2ディスカードを実装済み / 正規イラスト表示UI確認済み","https://xross-stars.com/card/5-085","https://assets.xross-stars.com/card/BP02/BP02-085_a92e608c1e30be4a5088876df5383fca.png","ready","ready","【覚醒時】カードを2枚引き、手札を2枚捨てる。"
"BP02","BP02-086/082","蝶屋はなび","leader","完全対応","low","leader_exact","覚醒時1ドローを実装済み / 正規イラスト表示UI確認済み","https://xross-stars.com/card/5-086","https://assets.xross-stars.com/card/BP02/BP02-086_bb15bbbf991e4876ea6eaf7647c02183.png","ready","ready","【覚醒時】カードを1枚引く。"
"BP02","BP02-087/082","赤見かるび","leader","完全対応","low","leader_exact","覚醒時20回復を実装済み / 正規イラスト表示UI確認済み","https://xross-stars.com/card/5-087","https://assets.xross-stars.com/card/BP02/BP02-087_e065c07289840e4acafe8ee5cfa59ac8.png","ready","ready","【覚醒時】自分のリーダー1体を20回復する。"
"BP02","BP02-088/082","如月れん","leader","完全対応","low","leader_exact","覚醒時単体10ダメージを実装済み / 正規イラスト表示UI確認済み","https://xross-stars.com/card/5-088","https://assets.xross-stars.com/card/BP02/BP02-088_5fd0068da990e04615a5cddf0a892347.png","ready","ready","【覚醒時】対戦相手のリーダー1体に10ダメージ。"
"BP02","BP02-089/082","あれる","leader","完全対応","low","leader_exact","覚醒時単体10ダメージを実装済み / 正規イラスト表示UI確認済み","https://xross-stars.com/card/5-089","https://assets.xross-stars.com/card/BP02/BP02-089_ceb5fa621a4413e94fab0d0c5ff4a1e5.png","ready","ready","【覚醒時】対戦相手のリーダー1体に10ダメージ。"
"BP02","BP02-090/082","かずのこ","leader","完全対応","low","leader_exact","覚醒時1ドローを実装済み / 正規イラスト表示UI確認済み","https://xross-stars.com/card/5-090","https://assets.xross-stars.com/card/BP02/BP02-090_ffa30ef1cef858b4a3938c1271c3831c.png","ready","ready","【覚醒時】カードを1枚引く。"
"BP02","BP02-091/082","Shuto","leader","完全対応","low","leader_exact","覚醒時2ドロー2ディスカードを実装済み / 正規イラスト表示UI確認済み","https://xross-stars.com/card/5-091","https://assets.xross-stars.com/card/BP02/BP02-091_bf197714f14187c36561af39bbe707ff.png","ready","ready","【覚醒時】カードを2枚引き、手札を2枚捨てる。"
"BP02","BP02-092/082","トナカイト","leader","完全対応","low","leader_exact","覚醒時単体20ダメージを実装済み / 正規イラスト表示UI確認済み","https://xross-stars.com/card/5-092","https://assets.xross-stars.com/card/BP02/BP02-092_a76cf95d34d0be1ff5af2b1af26abe68.png","ready","ready","【覚醒時】対戦相手のリーダー1体に20ダメージ。"
"BP02","BP02-093/082","トナカイト","leader","完全対応","low","leader_exact","覚醒時単体20ダメージを実装済み / 正規イラスト表示UI確認済み","https://xross-stars.com/card/5-093","https://assets.xross-stars.com/card/BP02/BP02-093_7590c90895d6a47bd401ff20e29c2649.png","ready","ready","【覚醒時】対戦相手のリーダー1体に20ダメージ。"
"BP02","BP02-094/082","甘結もか","leader","完全対応","low","leader_exact","覚醒時単体10ダメージを実装済み / 正規イラスト表示UI確認済み","https://xross-stars.com/card/5-094","https://assets.xross-stars.com/card/BP02/BP02-094_2a655c6c296a85fbdff6a3201eafe294.png","ready","ready","【覚醒時】対戦相手のリーダー1体に10ダメージ。"
"BP02","BP02-095/082","神成きゅぴ","leader","完全対応","low","leader_exact","覚醒時全体10ダメージを実装済み / 正規イラスト表示UI確認済み","https://xross-stars.com/card/5-095","https://assets.xross-stars.com/card/BP02/BP02-095_42fe9429f1a657ab19c3ab3f37f3e139.png","ready","ready","【覚醒時】対戦相手のリーダーすべてに10ダメージ。"
"BP02","BP02-096/082","kinako","leader","完全対応","low","leader_exact","覚醒時単体10ダメージを実装済み / 正規イラスト表示UI確認済み","https://xross-stars.com/card/5-096","https://assets.xross-stars.com/card/BP02/BP02-096_776b3adc68ae7dc86e134cf91f0740e2.png","ready","ready","【覚醒時】対戦相手のリーダー1体に10ダメージ。"
"BP02","BP02-097/082","わいわい","leader","完全対応","low","leader_exact","覚醒時20回復を実装済み / 正規イラスト表示UI確認済み","https://xross-stars.com/card/5-097","https://assets.xross-stars.com/card/BP02/BP02-097_414750be4dfb15cb497bbb27bd7c1de0.png","ready","ready","【覚醒時】自分のリーダー1体を20回復する。"
"BP02","BP02-098/082","甘結もか","leader","完全対応","low","leader_exact","覚醒時単体10ダメージを実装済み / 正規イラスト表示UI確認済み","https://xross-stars.com/card/5-098","https://assets.xross-stars.com/card/BP02/BP02-098_7d87bc43926d7ff593f838c5d8a2533c.png","ready","ready","【覚醒時】対戦相手のリーダー1体に10ダメージ。"
"BP02","BP02-099/082","kinako","leader","完全対応","low","leader_exact","覚醒時単体10ダメージを実装済み / 正規イラスト表示UI確認済み","https://xross-stars.com/card/5-099","https://assets.xross-stars.com/card/BP02/BP02-099_91f22d646dfdd949d49ddf24d4eff4cf.png","ready","ready","【覚醒時】対戦相手のリーダー1体に10ダメージ。"
"BP02","BP02-100/082","天鬼ぷるる","leader","完全対応","low","leader_exact","覚醒時2ドロー2ディスカードを実装済み / 正規イラスト表示UI確認済み","https://xross-stars.com/card/5-100","https://assets.xross-stars.com/card/BP02/BP02-100_a5b9e64498c726ce2e9449f59e1c1111.png","ready","ready","【覚醒時】カードを2枚引き、手札を2枚捨てる。"
"BP02","BP02-101/082","どぐら","leader","完全対応","low","leader_exact","覚醒時全体10ダメージを実装済み / 正規イラスト表示UI確認済み","https://xross-stars.com/card/5-101","https://assets.xross-stars.com/card/BP02/BP02-101_77df731c54258625b514cd348da3cadf.png","ready","ready","【覚醒時】対戦相手のリーダーすべてに10ダメージ。"
"BP02","BP02-102/082","ボンちゃん","leader","完全対応","low","leader_exact","覚醒時1ドローを実装済み / 正規イラスト表示UI確認済み","https://xross-stars.com/card/5-102","https://assets.xross-stars.com/card/BP02/BP02-102_9baf79955c983b6d6346939719dd5efb.png","ready","ready","【覚醒時】カードを1枚引く。"
"BP02","BP02-103/082","八雲べに","leader","完全対応","low","leader_exact","覚醒時20回復を実装済み / 正規イラスト表示UI確認済み","https://xross-stars.com/card/5-103","https://assets.xross-stars.com/card/BP02/BP02-103_ebc52c1dcaf7b980b713b77a884f2294.png","ready","ready","【覚醒時】自分のリーダー1体を20回復する。"
"BP02","BP02-104/082","花芽なずな","leader","完全対応","low","leader_exact","覚醒時20回復を実装済み / 正規イラスト表示UI確認済み","https://xross-stars.com/card/5-104","https://assets.xross-stars.com/card/BP02/BP02-104_073d3872d25002d2d305ffe80bc56195.png","ready","ready","【覚醒時】自分のリーダー1体を20回復する。"
"BP02","BP02-107/082","勝利の雄たけび","attack","完全対応","low","attack_flat_damage+attack_post_effect","アタック時の固定ダメージ補正を実装済み / アタック後2ドローを実装済み / 正規イラスト表示UI確認済み","https://xross-stars.com/card/5-107","https://assets.xross-stars.com/card/BP02/BP02-107_fee1ad248beac6ab135ab4ebb0652c1c.png","ready","ready","【アタックする】ダメージ+30。 / 【アタック後】カードを2枚引く。"
"BP02","BP02-108/082","オールスターコンボ","attack","完全対応","low","attack_other_attack_count_bonus","他アタック枚数条件のダメージ補正を実装済み / 正規イラスト表示UI確認済み","https://xross-stars.com/card/5-108","https://assets.xross-stars.com/card/BP02/BP02-108_b725c82a1be12095fbd8710c4d265235.png","ready","ready","【アタックする】プレイエリアに他のアタックカードが2枚以上あるなら、ダメージ+40。プレイエリアに他のアタックカードが4枚以上あるなら、さらにダメージ+20。"
"BP02","BP02-111/082","逆転のハイドギャル","memoria","完全対応","low","attack_buff_flat","次アタック強化の汎用加算ロジックで対応 / 正規イラスト表示UI確認済み","https://xross-stars.com/card/5-111","https://assets.xross-stars.com/card/BP02/BP02-111_8097b0eb01b7ccae90481d4f8bd93385.png","ready","ready","【アタック強化】次のアタックのダメージ+80。"
"BP03","BP03-001/081","天月","leader","完全対応","low","leader_exact","覚醒時単体10ダメージを実装済み / 正規イラスト表示UI確認済み","https://xross-stars.com/card/6-001","https://assets.xross-stars.com/card/BP03/BP03-001_fd5af9a192cdd144fe11f3b212848d71.png","ready","ready","【覚醒時】対戦相手のリーダー1体に10ダメージ。"
"BP03","BP03-002/081","紫宮るな","leader","完全対応","low","leader_exact","覚醒時20回復を実装済み / 正規イラスト表示UI確認済み","https://xross-stars.com/card/6-002","https://assets.xross-stars.com/card/BP03/BP03-002_3ac239c47be83c0b65dbc8ea0acba193.png","ready","ready","【覚醒時】自分のリーダー1体を20回復する。"
"BP03","BP03-003/081","緋月ゆい","leader","完全対応","low","leader_exact","覚醒時2ドロー2ディスカードを実装済み / 正規イラスト表示UI確認済み","https://xross-stars.com/card/6-003","https://assets.xross-stars.com/card/BP03/BP03-003_4f74b019c8810aee8cf613c6d78a36c7.png","ready","ready","【覚醒時】カードを2枚引き、手札を2枚捨てる。"
"BP03","BP03-004/081","rion","leader","完全対応","low","leader_exact","覚醒時全体10ダメージを実装済み / 正規イラスト表示UI確認済み","https://xross-stars.com/card/6-004","https://assets.xross-stars.com/card/BP03/BP03-004_f90998675a56aad368381d8d939c7814.png","ready","ready","【覚醒時】対戦相手のリーダーすべてに10ダメージ。"
"BP03","BP03-005/081","ズズ","leader","完全対応","low","leader_exact","覚醒時1ドローを実装済み / 正規イラスト表示UI確認済み","https://xross-stars.com/card/6-005","https://assets.xross-stars.com/card/BP03/BP03-005_503d726db01f19febe8c06aab7f7f80e.png","ready","ready","【覚醒時】カードを1枚引く。"
"BP03","BP03-006/081","紡木こかげ","leader","完全対応","low","leader_exact","覚醒時単体20ダメージを実装済み / 正規イラスト表示UI確認済み","https://xross-stars.com/card/6-006","https://assets.xross-stars.com/card/BP03/BP03-006_044a6f51cc211e56600d25e4cae33a9b.png","ready","ready","【覚醒時】対戦相手のリーダー1体に20ダメージ。"
"BP03","BP03-007/081","柊ツルギ","leader","完全対応","low","leader_exact","覚醒時20回復を実装済み / 正規イラスト表示UI確認済み","https://xross-stars.com/card/6-007","https://assets.xross-stars.com/card/BP03/BP03-007_a758f0249462451274e57da957aa32ed.png","ready","ready","【覚醒時】自分のリーダー1体を20回復する。"
"BP03","BP03-008/081","平岩康佑","leader","完全対応","low","leader_exact","覚醒時2ドロー2ディスカードを実装済み / 正規イラスト表示UI確認済み","https://xross-stars.com/card/6-008","https://assets.xross-stars.com/card/BP03/BP03-008_add1b207288455b5acfba978cc7d1f52.png","ready","ready","【覚醒時】カードを2枚引き、手札を2枚捨てる。"
"BP03","BP03-009/081","藍沢エマ","leader","完全対応","low","leader_exact","覚醒時単体10ダメージを実装済み / 正規イラスト表示UI確認済み","https://xross-stars.com/card/6-009","https://assets.xross-stars.com/card/BP03/BP03-009_4900e7b464fef13ba789c45db884c5d9.png","ready","ready","【覚醒時】対戦相手のリーダー1体に10ダメージ。"
"BP03","BP03-010/081","鬼ヶ谷テン","leader","完全対応","low","leader_exact","覚醒時単体20ダメージを実装済み / 正規イラスト表示UI確認済み","https://xross-stars.com/card/6-010","https://assets.xross-stars.com/card/BP03/BP03-010_4964848a87d8ba7f5aeab86863b75943.png","ready","ready","【覚醒時】対戦相手のリーダー1体に20ダメージ。"
"BP03","BP03-011/081","ととみっくす","leader","完全対応","low","leader_exact","覚醒時単体10ダメージを実装済み / 正規イラスト表示UI確認済み","https://xross-stars.com/card/6-011","https://assets.xross-stars.com/card/BP03/BP03-011_f4b0ffb76cdca1c94dd5138a10f4133b.png","ready","ready","【覚醒時】対戦相手のリーダー1体に10ダメージ。"
"BP03","BP03-012/081","猫麦とろろ","leader","完全対応","low","leader_exact","覚醒時全体10ダメージを実装済み / 正規イラスト表示UI確認済み","https://xross-stars.com/card/6-012","https://assets.xross-stars.com/card/BP03/BP03-012_db626e581f5c849171954e2df24f87cf.png","ready","ready","【覚醒時】対戦相手のリーダーすべてに10ダメージ。"
"BP03","BP03-013/081","絲依とい","leader","完全対応","low","leader_exact","覚醒時2ドロー2ディスカードを実装済み / 正規イラスト表示UI確認済み","https://xross-stars.com/card/6-013","https://assets.xross-stars.com/card/BP03/BP03-013_bdcf8e4ce9b2807a67b98e7a1b1299c3.png","ready","ready","【覚醒時】カードを2枚引き、手札を2枚捨てる。"
"BP03","BP03-014/081","けんき","leader","完全対応","low","leader_exact","覚醒時1ドローを実装済み / 正規イラスト表示UI確認済み","https://xross-stars.com/card/6-014","https://assets.xross-stars.com/card/BP03/BP03-014_4cb78f22566a3cb34e193f7d937d3de3.png","ready","ready","【覚醒時】カードを1枚引く。"
"BP03","BP03-015/081","猫汰つな","leader","完全対応","low","leader_exact","覚醒時1ドローを実装済み / 正規イラスト表示UI確認済み","https://xross-stars.com/card/6-015","https://assets.xross-stars.com/card/BP03/BP03-015_4ca544be402346ce6c2bdd86caf88e87.png","ready","ready","【覚醒時】カードを1枚引く。"
"BP03","BP03-016/081","夜絆ニウ","leader","完全対応","low","leader_exact","覚醒時20回復を実装済み / 正規イラスト表示UI確認済み","https://xross-stars.com/card/6-016","https://assets.xross-stars.com/card/BP03/BP03-016_32b07f8e7447894943408366a86b467a.png","ready","ready","【覚醒時】自分のリーダー1体を20回復する。"
"BP03","BP03-017/081","ストームラッシュ","attack","完全対応","low","attack_multi_three_times","3回アタック処理を実装済み / 正規イラスト表示UI確認済み","https://xross-stars.com/card/6-017","https://assets.xross-stars.com/card/BP03/BP03-017_a0ec7a5612526d7fc7039fbb9b7b3027.png","ready","ready","【アタックする】 / 【アタックする】 / 【アタックする】 / （アタックのたびに、アタッカーとアタックを受けるリーダーを選ぶ。）"
"BP03","BP03-018/081","ノーエスケープ","attack","完全対応","low","attack_marker+attack_post_conditional","アタック宣言マーカーを実装済み / このラウンドが3ラウンド目なら、 に対応したアタック後処理を実装済み / 正規イラスト表示UI確認済み","https://xross-stars.com/card/6-018","https://assets.xross-stars.com/card/BP03/BP03-018_45800069d0b50f887e2e3ec46cdd952a.png","ready","ready","【アタックする】 / 【アタック後】このラウンドが3ラウンド目なら、対戦相手の他のリーダー1体に20ダメージ。"
"BP03","BP03-019/081","コードブレイカー","attack","完全対応","low","attack_other_leader_40","アタック後の他リーダー単体40ダメージ選択を実装済み / 正規イラスト表示UI確認済み","https://xross-stars.com/card/6-019","https://assets.xross-stars.com/card/BP03/BP03-019_c41b1300e6449d5c68df2ab7eca08fc3.png","ready","ready","【アタックする】 / 【アタック後】対戦相手の他のリーダー1体に40ダメージ。"
"BP03","BP03-020/081","縦横無尽","attack","完全対応","low","manual_card_override","個別実装済みカードとして監査レポートへ反映 / 正規イラスト表示UI確認済み","https://xross-stars.com/card/6-020","https://assets.xross-stars.com/card/BP03/BP03-020_92ec477d2306587fa57fd8a87589ee20.png","ready","ready","【アタックする】 / 【アタック後】このアタックを受けたリーダーがダウンしているなら、対戦相手の他のリーダー1体に20ダメージ。"
"BP03","BP03-021/081","抜群のウデマエ","attack","完全対応","low","attack_marker+attack_post_conditional","アタック宣言マーカーを実装済み / プレイエリアにメモリアカードが2枚以上あるなら、 に対応したアタック後処理を実装済み / 正規イラスト表示UI確認済み","https://xross-stars.com/card/6-021","https://assets.xross-stars.com/card/BP03/BP03-021_3809657cf1b4621fa7dd77b6b76125c0.png","ready","ready","【アタックする】 / 【アタック後】プレイエリアにメモリアカードが2枚以上あるなら、対戦相手の他のリーダー1体に20ダメージ。"
"BP03","BP03-022/081","ピアッシングバレット","attack","完全対応","low","attack_flat_damage","アタック時の固定ダメージ補正を実装済み / 正規イラスト表示UI確認済み","https://xross-stars.com/card/6-022","https://assets.xross-stars.com/card/BP03/BP03-022_146a4074d6f42869563e35bee6d6b386.png","ready","ready","【アタックする】ダメージ+10。"
"BP03","BP03-024/081","頂きの景色","attack","完全対応","low","manual_card_override","個別実装済みカードとして監査レポートへ反映 / 正規イラスト表示UI確認済み","https://xross-stars.com/card/6-024","https://assets.xross-stars.com/card/BP03/BP03-024_cd6066fa90121c7ae2c09330a66f7fad.png","ready","ready","【アタックする】 / 【アタック後】プレイエリアにあるメモリアカードのコストの合計と同じ数のカードを引く。"
"BP03","BP03-025/081","短気な爆弾魔","attack","完全対応","low","attack_discarded_this_turn_bonus","当ターン捨て札条件のダメージ補正を実装済み / 正規イラスト表示UI確認済み","https://xross-stars.com/card/6-025","https://assets.xross-stars.com/card/BP03/BP03-025_c4f57526b27cc6aa1446ad8fa5d19999.png","ready","ready","【アタックする】このターン、あなたが手札を1枚以上捨てているなら、ダメージ+10。"
"BP03","BP03-026/081","キャスターズフューリー","attack","完全対応","low","attack_all_other_20","アタック後の他リーダー全体20ダメージを実装済み / 正規イラスト表示UI確認済み","https://xross-stars.com/card/6-026","https://assets.xross-stars.com/card/BP03/BP03-026_59e59335e7cf6589bef90f2bb9a7c596.png","ready","ready","【アタックする】 / 【アタック後】対戦相手の他のリーダーすべてに20ダメージ。"
"BP03","BP03-028/081","パワーセットアップ","attack","完全対応","low","attack_target_down_draw_1","対象ダウン条件つき1ドローを実装済み / 正規イラスト表示UI確認済み","https://xross-stars.com/card/6-028","https://assets.xross-stars.com/card/BP03/BP03-028_da6729739f5b4c198e93aac2987143f8.png","ready","ready","【アタックする】 / 【アタック後】このアタックを受けたリーダーがダウンしているなら、カードを1枚引く。"
"BP03","BP03-029/081","漢の強行突破","attack","完全対応","low","manual_card_override","個別実装済みカードとして監査レポートへ反映 / 正規イラスト表示UI確認済み","https://xross-stars.com/card/6-029","https://assets.xross-stars.com/card/BP03/BP03-029_60164af89ecab67b0dc9f99288e4cc29.png","ready","ready","【アタックする】 / 【アタック後】このアタックを受けたリーダーがダウンしているなら、対戦相手の他のリーダー1体に20ダメージ。"
"BP03","BP03-030/081","セルフ実況","attack","完全対応","low","manual_card_override","個別実装済みカードとして監査レポートへ反映 / 正規イラスト表示UI確認済み","https://xross-stars.com/card/6-030","https://assets.xross-stars.com/card/BP03/BP03-030_c5ac0288ce5a3dc1a1f86d7765c5b786.png","ready","ready","【アタックする】自分の手札のコスト0のカード1枚を公開し、捨ててもよい。そうしたならカードを1枚引き、ダメージ+20。"
"BP03","BP03-031/081","ソニックチェイサー","attack","完全対応","low","attack_damaged_other_20","ダメージ済み他リーダー全体20ダメージを実装済み / 正規イラスト表示UI確認済み","https://xross-stars.com/card/6-031","https://assets.xross-stars.com/card/BP03/BP03-031_8132e7358fc7bf6fe352aa93d9ca5dd4.png","ready","ready","【アタックする】 / 【アタック後】対戦相手のダメージを受けている他のリーダーすべてに20ダメージ。"
"BP03","BP03-032/081","鬼の猛追","attack","完全対応","low","attack_other_leader_10","アタック後の他リーダー単体10ダメージ選択を実装済み / 正規イラスト表示UI確認済み","https://xross-stars.com/card/6-032","https://assets.xross-stars.com/card/BP03/BP03-032_1ac7108386c302a206f0ab9c7422a979.png","ready","ready","【アタックする】 / 【アタック後】対戦相手の他のリーダー1体に10ダメージ。"
"BP03","BP03-033/081","勝利の抜刀","attack","完全対応","low","attack_equipped_bonus","装備条件のダメージ補正を実装済み / 正規イラスト表示UI確認済み","https://xross-stars.com/card/6-033","https://assets.xross-stars.com/card/BP03/BP03-033_8812424a620c9edda406bfad1b5ef09e.png","ready","ready","【アタックする】アタッカーがカードを装備しているなら、ダメージ+10。"
"BP03","BP03-034/081","ツーマンセル","attack","完全対応","low","attack_marker+attack_post_conditional","アタック宣言マーカーを実装済み / プレイエリアにメモリアカードが2枚以上あるなら、 に対応したアタック後処理を実装済み / 正規イラスト表示UI確認済み","https://xross-stars.com/card/6-034","https://assets.xross-stars.com/card/BP03/BP03-034_62e417090acb38e890e2f2cbc2aa1021.png","ready","ready","【アタックする】 / 【アタック後】プレイエリアにメモリアカードが2枚以上あるなら、対戦相手の他のリーダーすべてに10ダメージ。"
"BP03","BP03-035/081","船上の乱戦","attack","完全対応","low","attack_target_down_draw_1","対象ダウン条件つき1ドローを実装済み / 正規イラスト表示UI確認済み","https://xross-stars.com/card/6-035","https://assets.xross-stars.com/card/BP03/BP03-035_4ed39e289aaf4fa7990d6a2df0bbe765.png","ready","ready","【アタックする】 / 【アタック後】このアタックを受けたリーダーがダウンしているなら、カードを1枚引く。"
"BP03","BP03-036/081","潜入開始","attack","完全対応","low","attack_flat_damage","アタック時の固定ダメージ補正を実装済み / 正規イラスト表示UI確認済み","https://xross-stars.com/card/6-036","https://assets.xross-stars.com/card/BP03/BP03-036_dfc8764a876a05c676e27c87dd41d6d5.png","ready","ready","【アタックする】ダメージ+10。"
"BP03","BP03-037/081","Tango Down","attack","完全対応","low","play_pp_if_no_other_cards+attack_flat_damage","場に他カードがない条件のPP回復を実装済み / アタック時の固定ダメージ補正を実装済み / 正規イラスト表示UI確認済み","https://xross-stars.com/card/6-037","https://assets.xross-stars.com/card/BP03/BP03-037_e0e05baa86df41f9ddd2b1cf97334093.png","ready","ready","【プレイ時】プレイエリアに他のカードがないなら、PPを1回復する。 / 【アタックする】ダメージ-10。"
"BP03","BP03-040/081","デッドサイレンス","attack","完全対応","low","attack_flat_damage","アタック時の固定ダメージ補正を実装済み / 正規イラスト表示UI確認済み","https://xross-stars.com/card/6-040","https://assets.xross-stars.com/card/BP03/BP03-040_f302d2d33f2f37e93b727de5c90d3100.png","ready","ready","【アタックする】ダメージ+40。"
"BP03","BP03-041/081","ルーキーチェイス","attack","完全対応","low","attack_flat_damage","アタック時の固定ダメージ補正を実装済み / 正規イラスト表示UI確認済み","https://xross-stars.com/card/6-041","https://assets.xross-stars.com/card/BP03/BP03-041_bbd65df38ad19751ab18d7b98b462815.png","ready","ready","【アタックする】ダメージ+10。"
"BP03","BP03-043/081","スペシャルコントラクト","attack","完全対応","low","attack_marker+attack_post_conditional","アタック宣言マーカーを実装済み / プレイエリアにメモリアカードが2枚以上あるなら、 に対応したアタック後処理を実装済み / 正規イラスト表示UI確認済み","https://xross-stars.com/card/6-043","https://assets.xross-stars.com/card/BP03/BP03-043_d571b7e44686409be73c31856070e370.png","ready","ready","【アタックする】 / 【アタック後】プレイエリアにメモリアカードが2枚以上あるなら、対戦相手の他のリーダー1体に20ダメージ。"
"BP03","BP03-044/081","ロケットシャワー","attack","完全対応","low","manual_card_override","個別実装済みカードとして監査レポートへ反映 / 正規イラスト表示UI確認済み","https://xross-stars.com/card/6-044","https://assets.xross-stars.com/card/BP03/BP03-044_7fa019c8bf1c129a2c53eba91605fe0c.png","ready","ready","プレイエリアに別の「ロケットシャワー」が1枚あるなら、コストを支払わずにこのカードをプレイしてもよい。（2枚以上あるときはコストを支払う。） / 【アタックする】"
"BP03","BP03-046/081","足元にご注意","memoria","完全対応","low","attack_buff_flat","次アタック強化の汎用加算ロジックで対応 / 正規イラスト表示UI確認済み","https://xross-stars.com/card/6-046","https://assets.xross-stars.com/card/BP03/BP03-046_e1dc0d9e013175766d9e2a677c0590b1.png","ready","ready","【アタック強化】次のアタックのダメージ+50。"
"BP03","BP03-048/081","栄光の旗手","memoria","完全対応","low","attack_buff_flat","次アタック強化の汎用加算ロジックで対応 / 正規イラスト表示UI確認済み","https://xross-stars.com/card/6-048","https://assets.xross-stars.com/card/BP03/BP03-048_46d6d1856b4044f3c24455734c5d9c7d.png","ready","ready","【アタック強化】次のアタックのダメージ+60。"
"BP03","BP03-049/081","カーコレクター","memoria","完全対応","low","play_direct_damage_20","プレイ時の単体20ダメージを実装済み / 正規イラスト表示UI確認済み","https://xross-stars.com/card/6-049","https://assets.xross-stars.com/card/BP03/BP03-049_acf1330fad344f6f9f27bba89297f10c.png","ready","ready","【プレイ時】対戦相手のリーダー1体に20ダメージ。"
"BP03","BP03-050/081","祭典の開幕","memoria","完全対応","low","play_draw_1+attack_buff_flat","プレイ時1ドローを実装済み / 次アタック強化の汎用加算ロジックで対応 / 正規イラスト表示UI確認済み","https://xross-stars.com/card/6-050","https://assets.xross-stars.com/card/BP03/BP03-050_8c211f29d62abd9130b6d6de5db02cbe.png","ready","ready","【プレイ時】カードを1枚引く。 / 【アタック強化】次のアタックのダメージ+30。"
"BP03","BP03-051/081","露骨な挑発","memoria","完全対応","low","manual_card_override","個別実装済みカードとして監査レポートへ反映 / 正規イラスト表示UI確認済み","https://xross-stars.com/card/6-051","https://assets.xross-stars.com/card/BP03/BP03-051_8e293f410d04c56842856468aa784706.png","ready","ready","【アタック強化】次のアタックのダメージ+30。 / 【アタック後】対戦相手の他のリーダー1体に30ダメージ。"
"BP03","BP03-053/081","闘技場の主","memoria","完全対応","low","attack_buff_flat","次アタック強化の汎用加算ロジックで対応 / 正規イラスト表示UI確認済み","https://xross-stars.com/card/6-053","https://assets.xross-stars.com/card/BP03/BP03-053_24623be5af63589a92961dc0bd6cd694.png","ready","ready","【アタック強化】次のアタックのダメージ+50。"
"BP03","BP03-054/081","闇の加護","memoria","完全対応","low","manual_card_override","個別実装済みカードとして監査レポートへ反映 / 正規イラスト表示UI確認済み","https://xross-stars.com/card/6-054","https://assets.xross-stars.com/card/BP03/BP03-054_11d0cc2e1d99184bbc5053b4cecd3d3c.png","ready","ready","【プレイ時】自分のリーダー1体を30回復する。 / 【アタック強化】次のアタックのダメージ+30。"
"BP03","BP03-055/081","22HZ♪","memoria","完全対応","low","attack_buff_flat","次アタック強化の汎用加算ロジックで対応 / 正規イラスト表示UI確認済み","https://xross-stars.com/card/6-055","https://assets.xross-stars.com/card/BP03/BP03-055_f037f7bdeaf9bd97ff0a7034966a55fd.png","ready","ready","【アタック強化】次のアタックのダメージ+60。"
"BP03","BP03-057/081","救いの手","memoria","完全対応","low","manual_card_override","個別実装済みカードとして監査レポートへ反映 / 正規イラスト表示UI確認済み","https://xross-stars.com/card/6-057","https://assets.xross-stars.com/card/BP03/BP03-057_101d9e4dff69555a0ea481d1b0e7441f.png","ready","ready","【アタック強化】次のアタックのダメージ+50。 / 【アタック後】対戦相手の他のリーダー1体に10ダメージ。"
"BP03","BP03-058/081","彼こそがロック","memoria","完全対応","low","play_draw_2","プレイ時2ドローを実装済み / 正規イラスト表示UI確認済み","https://xross-stars.com/card/6-058","https://assets.xross-stars.com/card/BP03/BP03-058_80f9f78daa0104b7d3db5282c9ba1bb7.png","ready","ready","【プレイ時】カードを2枚引く。"
"BP03","BP03-060/081","戦場のお茶会","memoria","完全対応","low","attack_buff_flat","次アタック強化の汎用加算ロジックで対応 / 正規イラスト表示UI確認済み","https://xross-stars.com/card/6-060","https://assets.xross-stars.com/card/BP03/BP03-060_7088110f14d246ca18e727d222d85325.png","ready","ready","【アタック強化】次のアタックのダメージ+50。"
"BP03","BP03-061/081","セレブリティーエレガンス","memoria","完全対応","low","play_opp_discard_1","相手1ディスカードを実装済み / 正規イラスト表示UI確認済み","https://xross-stars.com/card/6-061","https://assets.xross-stars.com/card/BP03/BP03-061_8f5b1746bc9bbb469c741f00055a0e7c.png","ready","ready","【プレイ時】対戦相手は手札を1枚捨てる。"
"BP03","BP03-062/081","掴んだ運命","memoria","完全対応","low","attack_buff_flat","次アタック強化の汎用加算ロジックで対応 / 正規イラスト表示UI確認済み","https://xross-stars.com/card/6-062","https://assets.xross-stars.com/card/BP03/BP03-062_abe0de1cdc9d6d0b73c1bc81ce79bb62.png","ready","ready","【アタック強化】次のアタックのダメージ+60。"
"BP03","BP03-063/081","極上のアゲ↑↑","memoria","完全対応","low","play_direct_damage_20","プレイ時の単体20ダメージを実装済み / 正規イラスト表示UI確認済み","https://xross-stars.com/card/6-063","https://assets.xross-stars.com/card/BP03/BP03-063_05eb47262e2acb42879564a2feca64fc.png","ready","ready","【プレイ時】対戦相手のリーダー1体に20ダメージ。"
"BP03","BP03-068/081","かるび人狼","memoria","完全対応","low","attack_buff_flat","次アタック強化の汎用加算ロジックで対応 / 正規イラスト表示UI確認済み","https://xross-stars.com/card/6-068","https://assets.xross-stars.com/card/BP03/BP03-068_84baf580c59c186e4eeb233b31a41127.png","ready","ready","【アタック強化】次のアタックのダメージ+50。"
"BP03","BP03-069/081","アクアリウムツアー","memoria","完全対応","low","play_draw_2","プレイ時2ドローを実装済み / 正規イラスト表示UI確認済み","https://xross-stars.com/card/6-069","https://assets.xross-stars.com/card/BP03/BP03-069_6c9f9a4cfb564b2f81ad9e339e4cd182.png","ready","ready","【プレイ時】カードを2枚引く。"
"BP03","BP03-070/081","大人気キッチンカー","memoria","完全対応","low","attack_buff_flat","次アタック強化の汎用加算ロジックで対応 / 正規イラスト表示UI確認済み","https://xross-stars.com/card/6-070","https://assets.xross-stars.com/card/BP03/BP03-070_88f409671176fd3f8b3604c2036c81e4.png","ready","ready","【アタック強化】次のアタックのダメージ+60。"
"BP03","BP03-073/081","救急キット","tactics","完全対応","low","play_heal_total_80","合計80回復を実装済み / 正規イラスト表示UI確認済み","https://xross-stars.com/card/6-073","https://assets.xross-stars.com/card/BP03/BP03-073_e3aec55a6e157e046dac4cc116cbc41a.png","ready","ready","【プレイ時】自分のリーダーを合計80回復する。（複数のリーダーを選んでもよい。）"
"BP03","BP03-074/081","アドレナリン","tactics","完全対応","low","play_draw_1+attack_buff_flat","プレイ時1ドローを実装済み / 次アタック強化の汎用加算ロジックで対応 / 正規イラスト表示UI確認済み","https://xross-stars.com/card/6-074","https://assets.xross-stars.com/card/BP03/BP03-074_88d1907c754d78d7e8cac979357ede5b.png","ready","ready","【プレイ時】カードを1枚引く。 / 【アタック強化】次のアタックのダメージ+40。"
"BP03","BP03-075/081","ジャミングパルス","tactics","完全対応","low","play_opp_discard_2","相手2ディスカードを実装済み / 正規イラスト表示UI確認済み","https://xross-stars.com/card/6-075","https://assets.xross-stars.com/card/BP03/BP03-075_e84035b07988d78620be7eb94bbe66e1.png","ready","ready","【プレイ時】対戦相手は手札を2枚捨てる。"
"BP03","BP03-077/081","パワーフィールド","tactics","完全対応","low","round_attack_buff_10","ラウンド中全体+10を実装済み / 正規イラスト表示UI確認済み","https://xross-stars.com/card/6-077","https://assets.xross-stars.com/card/BP03/BP03-077_b449908ec14fccd572125a9357dee8b7.png","ready","ready","【ラウンド中】このラウンド、自分のリーダーすべての攻撃力を+10する。 / （このカードはターン終了時にトラッシュに置かない。）"
"BP03","BP03-081/081","PPカード","pp","完全対応","low","manual_card_override","個別実装済みカードとして監査レポートへ反映 / 正規イラスト表示UI確認済み","https://xross-stars.com/card/6-081","https://assets.xross-stars.com/card/BP03/BP03-081_dc3038eb8f1fe8d1ec3fea197e0553aa.png","ready","ready",""
"BP03","BP03-082/081","天月","leader","完全対応","low","leader_exact","覚醒時単体10ダメージを実装済み / 正規イラスト表示UI確認済み","https://xross-stars.com/card/6-082","https://assets.xross-stars.com/card/BP03/BP03-082_14eebd9544ecfdb37bd7c4171c02f2f1.png","ready","ready","【覚醒時】対戦相手のリーダー1体に10ダメージ。"
"BP03","BP03-083/081","紫宮るな","leader","完全対応","low","leader_exact","覚醒時20回復を実装済み / 正規イラスト表示UI確認済み","https://xross-stars.com/card/6-083","https://assets.xross-stars.com/card/BP03/BP03-083_60343423b606579a9a96d91bd8d12a25.png","ready","ready","【覚醒時】自分のリーダー1体を20回復する。"
"BP03","BP03-084/081","緋月ゆい","leader","完全対応","low","leader_exact","覚醒時2ドロー2ディスカードを実装済み / 正規イラスト表示UI確認済み","https://xross-stars.com/card/6-084","https://assets.xross-stars.com/card/BP03/BP03-084_bb1e24de1dab26945defc339385cb36b.png","ready","ready","【覚醒時】カードを2枚引き、手札を2枚捨てる。"
"BP03","BP03-085/081","rion","leader","完全対応","low","leader_exact","覚醒時全体10ダメージを実装済み / 正規イラスト表示UI確認済み","https://xross-stars.com/card/6-085","https://assets.xross-stars.com/card/BP03/BP03-085_fe4e617d9d2bfdc8b1d3e20f9d3e925e.png","ready","ready","【覚醒時】対戦相手のリーダーすべてに10ダメージ。"
"BP03","BP03-086/081","天月","leader","完全対応","low","leader_exact","覚醒時単体10ダメージを実装済み / 正規イラスト表示UI確認済み","https://xross-stars.com/card/6-086","https://assets.xross-stars.com/card/BP03/BP03-086_aa27effe727fb1c46aaf7984433f7428.png","ready","ready","【覚醒時】対戦相手のリーダー1体に10ダメージ。"
"BP03","BP03-087/081","rion","leader","完全対応","low","leader_exact","覚醒時全体10ダメージを実装済み / 正規イラスト表示UI確認済み","https://xross-stars.com/card/6-087","https://assets.xross-stars.com/card/BP03/BP03-087_c74434fb2c1307c0a28677da16b222f8.png","ready","ready","【覚醒時】対戦相手のリーダーすべてに10ダメージ。"
"BP03","BP03-088/081","ズズ","leader","完全対応","low","leader_exact","覚醒時1ドローを実装済み / 正規イラスト表示UI確認済み","https://xross-stars.com/card/6-088","https://assets.xross-stars.com/card/BP03/BP03-088_b345a6b61d5dc4575637a8714f1a7329.png","ready","ready","【覚醒時】カードを1枚引く。"
"BP03","BP03-089/081","紡木こかげ","leader","完全対応","low","leader_exact","覚醒時単体20ダメージを実装済み / 正規イラスト表示UI確認済み","https://xross-stars.com/card/6-089","https://assets.xross-stars.com/card/BP03/BP03-089_65de8d69f59f6acabd40584a647e636f.png","ready","ready","【覚醒時】対戦相手のリーダー1体に20ダメージ。"
"BP03","BP03-090/081","柊ツルギ","leader","完全対応","low","leader_exact","覚醒時20回復を実装済み / 正規イラスト表示UI確認済み","https://xross-stars.com/card/6-090","https://assets.xross-stars.com/card/BP03/BP03-090_89fb3db9f2a4d32189677bfe4a42f9e1.png","ready","ready","【覚醒時】自分のリーダー1体を20回復する。"
"BP03","BP03-091/081","平岩康佑","leader","完全対応","low","leader_exact","覚醒時2ドロー2ディスカードを実装済み / 正規イラスト表示UI確認済み","https://xross-stars.com/card/6-091","https://assets.xross-stars.com/card/BP03/BP03-091_f45384ff6165e1bebcb9d7455e9bc664.png","ready","ready","【覚醒時】カードを2枚引き、手札を2枚捨てる。"
"BP03","BP03-092/081","柊ツルギ","leader","完全対応","low","leader_exact","覚醒時20回復を実装済み / 正規イラスト表示UI確認済み","https://xross-stars.com/card/6-092","https://assets.xross-stars.com/card/BP03/BP03-092_47455fc030894b820bb50f036d9744c2.png","ready","ready","【覚醒時】自分のリーダー1体を20回復する。"
"BP03","BP03-093/081","藍沢エマ","leader","完全対応","low","leader_exact","覚醒時単体10ダメージを実装済み / 正規イラスト表示UI確認済み","https://xross-stars.com/card/6-093","https://assets.xross-stars.com/card/BP03/BP03-093_5bab91fe5539a26fb7893cd2e8a46614.png","ready","ready","【覚醒時】対戦相手のリーダー1体に10ダメージ。"
"BP03","BP03-094/081","鬼ヶ谷テン","leader","完全対応","low","leader_exact","覚醒時単体20ダメージを実装済み / 正規イラスト表示UI確認済み","https://xross-stars.com/card/6-094","https://assets.xross-stars.com/card/BP03/BP03-094_36b61f9e99687d640bf46462c03e8a7a.png","ready","ready","【覚醒時】対戦相手のリーダー1体に20ダメージ。"
"BP03","BP03-095/081","ととみっくす","leader","完全対応","low","leader_exact","覚醒時単体10ダメージを実装済み / 正規イラスト表示UI確認済み","https://xross-stars.com/card/6-095","https://assets.xross-stars.com/card/BP03/BP03-095_2508a65ca51d92b627f024fff428c73d.png","ready","ready","【覚醒時】対戦相手のリーダー1体に10ダメージ。"
"BP03","BP03-096/081","猫麦とろろ","leader","完全対応","low","leader_exact","覚醒時全体10ダメージを実装済み / 正規イラスト表示UI確認済み","https://xross-stars.com/card/6-096","https://assets.xross-stars.com/card/BP03/BP03-096_8c0b8ca054decfc37d720dc80e7a67be.png","ready","ready","【覚醒時】対戦相手のリーダーすべてに10ダメージ。"
"BP03","BP03-097/081","藍沢エマ","leader","完全対応","low","leader_exact","覚醒時単体10ダメージを実装済み / 正規イラスト表示UI確認済み","https://xross-stars.com/card/6-097","https://assets.xross-stars.com/card/BP03/BP03-097_fd7a530333746dc16dc7769667c1b319.png","ready","ready","【覚醒時】対戦相手のリーダー1体に10ダメージ。"
"BP03","BP03-098/081","猫麦とろろ","leader","完全対応","low","leader_exact","覚醒時全体10ダメージを実装済み / 正規イラスト表示UI確認済み","https://xross-stars.com/card/6-098","https://assets.xross-stars.com/card/BP03/BP03-098_608324bd0808dd5e75ca183aab6d9a39.png","ready","ready","【覚醒時】対戦相手のリーダーすべてに10ダメージ。"
"BP03","BP03-099/081","わいわい","leader","完全対応","low","leader_exact","覚醒時20回復を実装済み / 正規イラスト表示UI確認済み","https://xross-stars.com/card/6-099","https://assets.xross-stars.com/card/BP03/BP03-099_407ef397097092983e48319d71466054.png","ready","ready","【覚醒時】自分のリーダー1体を20回復する。"
"BP03","BP03-100/081","絲依とい","leader","完全対応","low","leader_exact","覚醒時2ドロー2ディスカードを実装済み / 正規イラスト表示UI確認済み","https://xross-stars.com/card/6-100","https://assets.xross-stars.com/card/BP03/BP03-100_a7b91df70281d8f4336781111bf570f1.png","ready","ready","【覚醒時】カードを2枚引き、手札を2枚捨てる。"
"BP03","BP03-101/081","けんき","leader","完全対応","low","leader_exact","覚醒時1ドローを実装済み / 正規イラスト表示UI確認済み","https://xross-stars.com/card/6-101","https://assets.xross-stars.com/card/BP03/BP03-101_a2a8ec37ccf06e1fd36b8929bed93c8e.png","ready","ready","【覚醒時】カードを1枚引く。"
"BP03","BP03-102/081","猫汰つな","leader","完全対応","low","leader_exact","覚醒時1ドローを実装済み / 正規イラスト表示UI確認済み","https://xross-stars.com/card/6-102","https://assets.xross-stars.com/card/BP03/BP03-102_95ae2805f9e60b28d996c5f3c93d63cb.png","ready","ready","【覚醒時】カードを1枚引く。"
"BP03","BP03-103/081","夜絆ニウ","leader","完全対応","low","leader_exact","覚醒時20回復を実装済み / 正規イラスト表示UI確認済み","https://xross-stars.com/card/6-103","https://assets.xross-stars.com/card/BP03/BP03-103_0837fcc3b9765020a1fae8aeddbc5578.png","ready","ready","【覚醒時】自分のリーダー1体を20回復する。"
"BP03","BP03-104/081","猫汰つな","leader","完全対応","low","leader_exact","覚醒時1ドローを実装済み / 正規イラスト表示UI確認済み","https://xross-stars.com/card/6-104","https://assets.xross-stars.com/card/BP03/BP03-104_b9769044c98a954dbde2b1fb6281815d.png","ready","ready","【覚醒時】カードを1枚引く。"
"BP03","BP03-105/081","花芽すみれ","leader","完全対応","low","leader_exact","覚醒時全体10ダメージを実装済み / 正規イラスト表示UI確認済み","https://xross-stars.com/card/6-105","https://assets.xross-stars.com/card/BP03/BP03-105_60545b0c41f9ebd2aa2d67b716a741df.png","ready","ready","【覚醒時】対戦相手のリーダーすべてに10ダメージ。"
"BP03","BP03-106/081","ストームラッシュ","attack","完全対応","low","attack_multi_three_times","3回アタック処理を実装済み / 正規イラスト表示UI確認済み","https://xross-stars.com/card/6-106","https://assets.xross-stars.com/card/BP03/BP03-106_89d5f8829daa0711f6a9e20490b88fd6.png","ready","ready","【アタックする】 / 【アタックする】 / 【アタックする】 / （アタックのたびに、アタッカーとアタックを受けるリーダーを選ぶ。）"
"BP03","BP03-107/081","頂きの景色","attack","完全対応","low","manual_card_override","個別実装済みカードとして監査レポートへ反映 / 正規イラスト表示UI確認済み","https://xross-stars.com/card/6-107","https://assets.xross-stars.com/card/BP03/BP03-107_5f7ef83cef46202dd7385383c61f6bc6.png","ready","ready","【アタックする】 / 【アタック後】プレイエリアにあるメモリアカードのコストの合計と同じ数のカードを引く。"
"BP03","BP03-108/081","ソニックチェイサー","attack","完全対応","low","attack_damaged_other_20","ダメージ済み他リーダー全体20ダメージを実装済み / 正規イラスト表示UI確認済み","https://xross-stars.com/card/6-108","https://assets.xross-stars.com/card/BP03/BP03-108_a4f0c1fc9c64815af79331d943eaae71.png","ready","ready","【アタックする】 / 【アタック後】対戦相手のダメージを受けている他のリーダーすべてに20ダメージ。"
"BP03","BP03-114/081","PPカード","pp","完全対応","low","manual_card_override","個別実装済みカードとして監査レポートへ反映 / 正規イラスト表示UI確認済み","https://xross-stars.com/card/6-114","https://assets.xross-stars.com/card/BP03/BP03-114_52bbdc2ea42b3ba2c47d2054eb3a59b2.png","ready","ready",""
"BP03","BP03-115/081","PPカード","pp","完全対応","low","manual_card_override","個別実装済みカードとして監査レポートへ反映 / 正規イラスト表示UI確認済み","https://xross-stars.com/card/6-115","https://assets.xross-stars.com/card/BP03/BP03-115_457559e04f6523c2b7cdce181110b5ca.png","ready","ready",""